--------------------------------------------------------
--  文件已创建 - 星期五-十一月-08-2019   
--------------------------------------------------------
--------------------------------------------------------
--  DDL for Table KPI_DIC
--------------------------------------------------------

  CREATE TABLE "FZZLKPIV2"."KPI_DIC" 
   (	"ID" NUMBER(15,0), 
	"NAME" VARCHAR2(300 BYTE), 
	"PID" NUMBER(15,0), 
	"KEY" VARCHAR2(100 BYTE), 
	"UNIQUE_KEY" VARCHAR2(100 BYTE), 
	"STATUS_ID" NUMBER(15,0), 
	"MEMO" VARCHAR2(1000 BYTE), 
	"HOLD_FIELD_1" VARCHAR2(500 BYTE), 
	"HOLD_FIELD_1_MEMO" VARCHAR2(500 BYTE), 
	"HOLD_FIELD_2" VARCHAR2(500 BYTE), 
	"HOLD_FIELD_2_MEMO" VARCHAR2(500 BYTE), 
	"HOLD_FIELD_3" VARCHAR2(500 BYTE), 
	"HOLD_FIELD_3_MEMO" VARCHAR2(500 BYTE), 
	"HOLD_FIELD_4" VARCHAR2(500 BYTE), 
	"HOLD_FIELD_4_MEMO" VARCHAR2(500 BYTE), 
	"HOLD_FIELD_5" VARCHAR2(500 BYTE), 
	"HOLD_FIELD_5_MEMO" VARCHAR2(500 BYTE), 
	"CREATE_USER_ID" VARCHAR2(19 BYTE), 
	"CREATE_TIME" DATE, 
	"UPDATE_USER_ID" VARCHAR2(19 BYTE), 
	"UPDATE_TIME" DATE
   ) SEGMENT CREATION IMMEDIATE 
  PCTFREE 10 PCTUSED 40 INITRANS 1 MAXTRANS 255 NOCOMPRESS LOGGING
  STORAGE(INITIAL 65536 NEXT 1048576 MINEXTENTS 1 MAXEXTENTS 2147483645
  PCTINCREASE 0 FREELISTS 1 FREELIST GROUPS 1 BUFFER_POOL DEFAULT FLASH_CACHE DEFAULT CELL_FLASH_CACHE DEFAULT)
  TABLESPACE "FZZL_KPI" ;
 

   COMMENT ON COLUMN "FZZLKPIV2"."KPI_DIC"."ID" IS 'ID';
 
   COMMENT ON COLUMN "FZZLKPIV2"."KPI_DIC"."NAME" IS '名称';
 
   COMMENT ON COLUMN "FZZLKPIV2"."KPI_DIC"."PID" IS '父ID,自身性关联,关联KPI_DIC.ID';
 
   COMMENT ON COLUMN "FZZLKPIV2"."KPI_DIC"."KEY" IS '为了展示该节点和所有子节点的关键字,命名规则是以kpi_dic开头+描述,例如kpi_dic_status';
 
   COMMENT ON COLUMN "FZZLKPIV2"."KPI_DIC"."UNIQUE_KEY" IS '直接根据关键字取id,命名规则是以${key}开头+标识定义,例如kpi_dic_status_1';
 
   COMMENT ON COLUMN "FZZLKPIV2"."KPI_DIC"."STATUS_ID" IS '有效标识id,11有效,12无效,关联xt_dic.id,key:xt_dic_status';
 
   COMMENT ON COLUMN "FZZLKPIV2"."KPI_DIC"."MEMO" IS '备注说明';
 
   COMMENT ON COLUMN "FZZLKPIV2"."KPI_DIC"."HOLD_FIELD_1" IS '备用字段1';
 
   COMMENT ON COLUMN "FZZLKPIV2"."KPI_DIC"."HOLD_FIELD_1_MEMO" IS '备用字段1的备注';
 
   COMMENT ON COLUMN "FZZLKPIV2"."KPI_DIC"."HOLD_FIELD_2" IS '备用字段2';
 
   COMMENT ON COLUMN "FZZLKPIV2"."KPI_DIC"."HOLD_FIELD_2_MEMO" IS '备用字段2的备注';
 
   COMMENT ON COLUMN "FZZLKPIV2"."KPI_DIC"."HOLD_FIELD_3" IS '备用字段3';
 
   COMMENT ON COLUMN "FZZLKPIV2"."KPI_DIC"."HOLD_FIELD_3_MEMO" IS '备用字段3的备注';
 
   COMMENT ON COLUMN "FZZLKPIV2"."KPI_DIC"."HOLD_FIELD_4" IS '备用字段4';
 
   COMMENT ON COLUMN "FZZLKPIV2"."KPI_DIC"."HOLD_FIELD_4_MEMO" IS '备用字段4的备注';
 
   COMMENT ON COLUMN "FZZLKPIV2"."KPI_DIC"."HOLD_FIELD_5" IS '备用字段5';
 
   COMMENT ON COLUMN "FZZLKPIV2"."KPI_DIC"."HOLD_FIELD_5_MEMO" IS '备用字段5的备注';
 
   COMMENT ON COLUMN "FZZLKPIV2"."KPI_DIC"."CREATE_USER_ID" IS '创建人id';
 
   COMMENT ON COLUMN "FZZLKPIV2"."KPI_DIC"."CREATE_TIME" IS '创建时间';
 
   COMMENT ON COLUMN "FZZLKPIV2"."KPI_DIC"."UPDATE_USER_ID" IS '更新人id';
 
   COMMENT ON COLUMN "FZZLKPIV2"."KPI_DIC"."UPDATE_TIME" IS '更新时间';
 
   COMMENT ON TABLE "FZZLKPIV2"."KPI_DIC"  IS 'kpi字典表';
--------------------------------------------------------
--  DDL for Table KPI_INDICATOR
--------------------------------------------------------

  CREATE TABLE "FZZLKPIV2"."KPI_INDICATOR" 
   (	"ID" VARCHAR2(19 BYTE), 
	"NAME" VARCHAR2(300 BYTE), 
	"MEMO" VARCHAR2(4000 BYTE), 
	"INDICATOR_CATEGORY_ID" NUMBER(19,0), 
	"DEP_ID" NUMBER(15,0), 
	"POSITION_ID" NUMBER(15,0), 
	"UNIT" VARCHAR2(30 BYTE), 
	"DATA_GATHER_TYPE_ID" NUMBER(15,0), 
	"DATA_GATHER_TABLE" VARCHAR2(300 BYTE), 
	"IS_USE_DEFAULT_CLASS" NUMBER(15,0), 
	"CLASS_NAME" VARCHAR2(1000 BYTE), 
	"DD_COMPLETE_AMOUNT_FIELD" VARCHAR2(500 BYTE), 
	"DD_TASK_SUMMARY_INFO_FIELDS" VARCHAR2(1000 BYTE), 
	"DD_URL_FIELDS" VARCHAR2(1000 BYTE), 
	"CREATE_USER_ID" VARCHAR2(19 BYTE), 
	"CREATE_TIME" DATE, 
	"UPDATE_USER_ID" VARCHAR2(19 BYTE), 
	"UPDATE_TIME" DATE
   ) SEGMENT CREATION IMMEDIATE 
  PCTFREE 10 PCTUSED 40 INITRANS 1 MAXTRANS 255 NOCOMPRESS LOGGING
  STORAGE(INITIAL 65536 NEXT 1048576 MINEXTENTS 1 MAXEXTENTS 2147483645
  PCTINCREASE 0 FREELISTS 1 FREELIST GROUPS 1 BUFFER_POOL DEFAULT FLASH_CACHE DEFAULT CELL_FLASH_CACHE DEFAULT)
  TABLESPACE "FZZL_KPI" ;
 

   COMMENT ON COLUMN "FZZLKPIV2"."KPI_INDICATOR"."NAME" IS '指标名称,不能重复';
 
   COMMENT ON COLUMN "FZZLKPIV2"."KPI_INDICATOR"."MEMO" IS '指标要求';
 
   COMMENT ON COLUMN "FZZLKPIV2"."KPI_INDICATOR"."INDICATOR_CATEGORY_ID" IS '指标分类ID,关联KPI_DIC.ID,key=KPI_DIC_INDICATOR_TYPE';
 
   COMMENT ON COLUMN "FZZLKPIV2"."KPI_INDICATOR"."DEP_ID" IS '部门id(内部系统获取)';
 
   COMMENT ON COLUMN "FZZLKPIV2"."KPI_INDICATOR"."POSITION_ID" IS '岗位id(内部系统获取)';
 
   COMMENT ON COLUMN "FZZLKPIV2"."KPI_INDICATOR"."UNIT" IS '数量单位';
 
   COMMENT ON COLUMN "FZZLKPIV2"."KPI_INDICATOR"."DATA_GATHER_TYPE_ID" IS '数据来源类型ID(目前有内部系统与钉钉),关联KPI_INDICATOR_DATA_GATHER_TYPE.ID';
 
   COMMENT ON COLUMN "FZZLKPIV2"."KPI_INDICATOR"."DATA_GATHER_TABLE" IS '数据获取SQL脚本或钉钉流程模板唯一标识PROCESS_CODE';
 
   COMMENT ON COLUMN "FZZLKPIV2"."KPI_INDICATOR"."IS_USE_DEFAULT_CLASS" IS '是否采用默认实现类，如果为是用kpi_data_source_type表定义的默认实现类，如果为否，则自己写实现类，5是6否,关联KPI_DIC.ID,key=KPI_DIC_YES_NO';
 
   COMMENT ON COLUMN "FZZLKPIV2"."KPI_INDICATOR"."CLASS_NAME" IS '如果is_use_default_class为是，则该字段可以为空，否则必输入';
 
   COMMENT ON COLUMN "FZZLKPIV2"."KPI_INDICATOR"."DD_COMPLETE_AMOUNT_FIELD" IS '钉钉完成数量表单字段名称';
 
   COMMENT ON COLUMN "FZZLKPIV2"."KPI_INDICATOR"."DD_TASK_SUMMARY_INFO_FIELDS" IS '钉钉任务概要信息表单字段列表';
 
   COMMENT ON COLUMN "FZZLKPIV2"."KPI_INDICATOR"."DD_URL_FIELDS" IS '钉钉图片url表单字段列表';
 
   COMMENT ON COLUMN "FZZLKPIV2"."KPI_INDICATOR"."CREATE_USER_ID" IS '创建人id';
 
   COMMENT ON COLUMN "FZZLKPIV2"."KPI_INDICATOR"."CREATE_TIME" IS '创建时间';
 
   COMMENT ON COLUMN "FZZLKPIV2"."KPI_INDICATOR"."UPDATE_USER_ID" IS '更新人id';
 
   COMMENT ON COLUMN "FZZLKPIV2"."KPI_INDICATOR"."UPDATE_TIME" IS '更新时间';
 
   COMMENT ON TABLE "FZZLKPIV2"."KPI_INDICATOR"  IS '指标库表（定量指标无指标明细，定性指标有指标明细）';
--------------------------------------------------------
--  DDL for Table KPI_INDICATOR_CATEGORY
--------------------------------------------------------

  CREATE TABLE "FZZLKPIV2"."KPI_INDICATOR_CATEGORY" 
   (	"ID" NUMBER(19,0), 
	"DEP_ID" NUMBER(15,0), 
	"NAME" VARCHAR2(100 BYTE), 
	"SCORE_TYPE_ID" NUMBER(15,0), 
	"IS_UPPER_LIMIT" NUMBER(15,0)
   ) SEGMENT CREATION IMMEDIATE 
  PCTFREE 10 PCTUSED 40 INITRANS 1 MAXTRANS 255 NOCOMPRESS LOGGING
  STORAGE(INITIAL 65536 NEXT 1048576 MINEXTENTS 1 MAXEXTENTS 2147483645
  PCTINCREASE 0 FREELISTS 1 FREELIST GROUPS 1 BUFFER_POOL DEFAULT FLASH_CACHE DEFAULT CELL_FLASH_CACHE DEFAULT)
  TABLESPACE "FZZL_KPI" ;
 

   COMMENT ON COLUMN "FZZLKPIV2"."KPI_INDICATOR_CATEGORY"."ID" IS '指标分类id';
 
   COMMENT ON COLUMN "FZZLKPIV2"."KPI_INDICATOR_CATEGORY"."DEP_ID" IS '部门id(内部系统部门ID)';
 
   COMMENT ON COLUMN "FZZLKPIV2"."KPI_INDICATOR_CATEGORY"."NAME" IS '分类名称';
 
   COMMENT ON COLUMN "FZZLKPIV2"."KPI_INDICATOR_CATEGORY"."SCORE_TYPE_ID" IS '得分类型ID,关联KPI_DIC.ID,KEY=KPI_DIC_SCORE_TYPE';
 
   COMMENT ON COLUMN "FZZLKPIV2"."KPI_INDICATOR_CATEGORY"."IS_UPPER_LIMIT" IS '是否有分值上限,,关联KPI_DIC.ID,KEY=KPI_DIC_YES_NO;有:则分值按模板中该分类的权重为上限;无:不限制分值上限';
 
   COMMENT ON TABLE "FZZLKPIV2"."KPI_INDICATOR_CATEGORY"  IS '指标分类';
--------------------------------------------------------
--  DDL for Table KPI_INDICATOR_DATA_GATHER_TYPE
--------------------------------------------------------

  CREATE TABLE "FZZLKPIV2"."KPI_INDICATOR_DATA_GATHER_TYPE" 
   (	"ID" NUMBER(15,0), 
	"NAME" VARCHAR2(100 BYTE), 
	"CLASS_NAME" VARCHAR2(1000 BYTE), 
	"CREATE_USER_ID" VARCHAR2(19 BYTE), 
	"CREATE_TIME" DATE, 
	"UPDATE_USER_ID" VARCHAR2(19 BYTE), 
	"UPDATE_TIME" DATE
   ) SEGMENT CREATION IMMEDIATE 
  PCTFREE 10 PCTUSED 40 INITRANS 1 MAXTRANS 255 NOCOMPRESS LOGGING
  STORAGE(INITIAL 65536 NEXT 1048576 MINEXTENTS 1 MAXEXTENTS 2147483645
  PCTINCREASE 0 FREELISTS 1 FREELIST GROUPS 1 BUFFER_POOL DEFAULT FLASH_CACHE DEFAULT CELL_FLASH_CACHE DEFAULT)
  TABLESPACE "FZZL_KPI" ;
 

   COMMENT ON COLUMN "FZZLKPIV2"."KPI_INDICATOR_DATA_GATHER_TYPE"."NAME" IS '数据来源名称,目前有两个，内部系统和钉钉';
 
   COMMENT ON COLUMN "FZZLKPIV2"."KPI_INDICATOR_DATA_GATHER_TYPE"."CLASS_NAME" IS '数据获取接口默认实现类名称(包名+类名)';
 
   COMMENT ON COLUMN "FZZLKPIV2"."KPI_INDICATOR_DATA_GATHER_TYPE"."CREATE_USER_ID" IS '创建人id';
 
   COMMENT ON COLUMN "FZZLKPIV2"."KPI_INDICATOR_DATA_GATHER_TYPE"."CREATE_TIME" IS '创建时间';
 
   COMMENT ON COLUMN "FZZLKPIV2"."KPI_INDICATOR_DATA_GATHER_TYPE"."UPDATE_USER_ID" IS '更新人id';
 
   COMMENT ON COLUMN "FZZLKPIV2"."KPI_INDICATOR_DATA_GATHER_TYPE"."UPDATE_TIME" IS '更新时间';
 
   COMMENT ON TABLE "FZZLKPIV2"."KPI_INDICATOR_DATA_GATHER_TYPE"  IS 'KPI定量指标数据采集类型表';
--------------------------------------------------------
--  DDL for Table KPI_INDICATOR_TEMPLATE
--------------------------------------------------------

  CREATE TABLE "FZZLKPIV2"."KPI_INDICATOR_TEMPLATE" 
   (	"ID" VARCHAR2(19 BYTE), 
	"NAME" VARCHAR2(300 BYTE), 
	"MEMO" VARCHAR2(2000 BYTE), 
	"DEP_ID" NUMBER(15,0), 
	"POSITION_ID" NUMBER(15,0), 
	"KPI_LEVEL_ID" NUMBER(15,0), 
	"CREATE_USER_ID" VARCHAR2(19 BYTE), 
	"CREATE_TIME" DATE, 
	"UPDATE_USER_ID" VARCHAR2(19 BYTE), 
	"UPDATE_TIME" DATE
   ) SEGMENT CREATION IMMEDIATE 
  PCTFREE 10 PCTUSED 40 INITRANS 1 MAXTRANS 255 NOCOMPRESS LOGGING
  STORAGE(INITIAL 65536 NEXT 1048576 MINEXTENTS 1 MAXEXTENTS 2147483645
  PCTINCREASE 0 FREELISTS 1 FREELIST GROUPS 1 BUFFER_POOL DEFAULT FLASH_CACHE DEFAULT CELL_FLASH_CACHE DEFAULT)
  TABLESPACE "FZZL_KPI" ;
 

   COMMENT ON COLUMN "FZZLKPIV2"."KPI_INDICATOR_TEMPLATE"."NAME" IS '考核模板名称';
 
   COMMENT ON COLUMN "FZZLKPIV2"."KPI_INDICATOR_TEMPLATE"."MEMO" IS '考核模板说明';
 
   COMMENT ON COLUMN "FZZLKPIV2"."KPI_INDICATOR_TEMPLATE"."DEP_ID" IS '部门id（内部系统的部门）';
 
   COMMENT ON COLUMN "FZZLKPIV2"."KPI_INDICATOR_TEMPLATE"."POSITION_ID" IS '岗位id（内部系统的岗位）';
 
   COMMENT ON COLUMN "FZZLKPIV2"."KPI_INDICATOR_TEMPLATE"."KPI_LEVEL_ID" IS 'kpi等级id,关联KPI_LEVEL.ID';
 
   COMMENT ON COLUMN "FZZLKPIV2"."KPI_INDICATOR_TEMPLATE"."CREATE_USER_ID" IS '创建人id';
 
   COMMENT ON COLUMN "FZZLKPIV2"."KPI_INDICATOR_TEMPLATE"."CREATE_TIME" IS '创建时间';
 
   COMMENT ON COLUMN "FZZLKPIV2"."KPI_INDICATOR_TEMPLATE"."UPDATE_USER_ID" IS '更新人id';
 
   COMMENT ON COLUMN "FZZLKPIV2"."KPI_INDICATOR_TEMPLATE"."UPDATE_TIME" IS '更新时间';
 
   COMMENT ON TABLE "FZZLKPIV2"."KPI_INDICATOR_TEMPLATE"  IS '考核指标模板表';
--------------------------------------------------------
--  DDL for Table KPI_INDICATOR_TP_CATEGORY
--------------------------------------------------------

  CREATE TABLE "FZZLKPIV2"."KPI_INDICATOR_TP_CATEGORY" 
   (	"ID" VARCHAR2(19 BYTE), 
	"INDICATOR_TEMPLATE_ID" VARCHAR2(19 BYTE), 
	"INDICATOR_CATEGORY_ID" NUMBER(19,0), 
	"INDICATOR_CATEGORY_WEIGHT" NUMBER(15,2)
   ) SEGMENT CREATION IMMEDIATE 
  PCTFREE 10 PCTUSED 40 INITRANS 1 MAXTRANS 255 NOCOMPRESS LOGGING
  STORAGE(INITIAL 65536 NEXT 1048576 MINEXTENTS 1 MAXEXTENTS 2147483645
  PCTINCREASE 0 FREELISTS 1 FREELIST GROUPS 1 BUFFER_POOL DEFAULT FLASH_CACHE DEFAULT CELL_FLASH_CACHE DEFAULT)
  TABLESPACE "FZZL_KPI" ;
 

   COMMENT ON COLUMN "FZZLKPIV2"."KPI_INDICATOR_TP_CATEGORY"."INDICATOR_TEMPLATE_ID" IS '考核指标模板id,关联KPI_INDICATOR_TEMPLATE.ID';
 
   COMMENT ON COLUMN "FZZLKPIV2"."KPI_INDICATOR_TP_CATEGORY"."INDICATOR_CATEGORY_ID" IS '指标分类id,关联KPI_INDICATOR_CATEGORY.ID';
 
   COMMENT ON COLUMN "FZZLKPIV2"."KPI_INDICATOR_TP_CATEGORY"."INDICATOR_CATEGORY_WEIGHT" IS '指标分类权重(如果是行为考核，则权重必须是0)';
 
   COMMENT ON TABLE "FZZLKPIV2"."KPI_INDICATOR_TP_CATEGORY"  IS '考核指标分类模板表';
--------------------------------------------------------
--  DDL for Table KPI_INDICATOR_TP_CATEGORY_DT
--------------------------------------------------------

  CREATE TABLE "FZZLKPIV2"."KPI_INDICATOR_TP_CATEGORY_DT" 
   (	"ID" VARCHAR2(19 BYTE), 
	"INDICATOR_TP_CATEGORY_ID" VARCHAR2(19 BYTE), 
	"INDICATOR_ID" VARCHAR2(19 BYTE), 
	"INDICATOR_UNIT_SCORE" NUMBER(15,4)
   ) SEGMENT CREATION IMMEDIATE 
  PCTFREE 10 PCTUSED 40 INITRANS 1 MAXTRANS 255 NOCOMPRESS LOGGING
  STORAGE(INITIAL 65536 NEXT 1048576 MINEXTENTS 1 MAXEXTENTS 2147483645
  PCTINCREASE 0 FREELISTS 1 FREELIST GROUPS 1 BUFFER_POOL DEFAULT FLASH_CACHE DEFAULT CELL_FLASH_CACHE DEFAULT)
  TABLESPACE "FZZL_KPI" ;
 

   COMMENT ON COLUMN "FZZLKPIV2"."KPI_INDICATOR_TP_CATEGORY_DT"."INDICATOR_TP_CATEGORY_ID" IS '考核指标分类模板表id,关联kpi_indicator_tp_category.id';
 
   COMMENT ON COLUMN "FZZLKPIV2"."KPI_INDICATOR_TP_CATEGORY_DT"."INDICATOR_ID" IS '指标id,关联kpi_indicator.id';
 
   COMMENT ON COLUMN "FZZLKPIV2"."KPI_INDICATOR_TP_CATEGORY_DT"."INDICATOR_UNIT_SCORE" IS '指标单位分值';
 
   COMMENT ON TABLE "FZZLKPIV2"."KPI_INDICATOR_TP_CATEGORY_DT"  IS '考核指标模板明细表';
--------------------------------------------------------
--  DDL for Table KPI_PERMISSION_MENU
--------------------------------------------------------

  CREATE TABLE "FZZLKPIV2"."KPI_PERMISSION_MENU" 
   (	"ID" VARCHAR2(19 BYTE), 
	"NAME" VARCHAR2(100 BYTE), 
	"ICON" VARCHAR2(100 BYTE), 
	"URL" VARCHAR2(100 BYTE), 
	"PERMISSION" VARCHAR2(100 BYTE), 
	"TYPE" NUMBER(15,0), 
	"CAN_SHOW" NUMBER(15,0), 
	"CREATE_TIME" DATE, 
	"CREATE_USER_ID" VARCHAR2(19 BYTE), 
	"UPDATE_TIME" DATE, 
	"UPDATE_USER_ID" VARCHAR2(19 BYTE), 
	"SHOW_ORDER" NUMBER(15,0), 
	"PID" VARCHAR2(19 BYTE), 
	"SORT" NUMBER(10,0)
   ) SEGMENT CREATION IMMEDIATE 
  PCTFREE 10 PCTUSED 40 INITRANS 1 MAXTRANS 255 NOCOMPRESS LOGGING
  STORAGE(INITIAL 65536 NEXT 1048576 MINEXTENTS 1 MAXEXTENTS 2147483645
  PCTINCREASE 0 FREELISTS 1 FREELIST GROUPS 1 BUFFER_POOL DEFAULT FLASH_CACHE DEFAULT CELL_FLASH_CACHE DEFAULT)
  TABLESPACE "FZZL_KPI" ;
 

   COMMENT ON COLUMN "FZZLKPIV2"."KPI_PERMISSION_MENU"."NAME" IS '菜单名称';
 
   COMMENT ON COLUMN "FZZLKPIV2"."KPI_PERMISSION_MENU"."ICON" IS '菜单图标';
 
   COMMENT ON COLUMN "FZZLKPIV2"."KPI_PERMISSION_MENU"."URL" IS '菜单URL';
 
   COMMENT ON COLUMN "FZZLKPIV2"."KPI_PERMISSION_MENU"."PERMISSION" IS '对应系统权限';
 
   COMMENT ON COLUMN "FZZLKPIV2"."KPI_PERMISSION_MENU"."TYPE" IS '权限类型,0表示菜单,1表示按钮';
 
   COMMENT ON COLUMN "FZZLKPIV2"."KPI_PERMISSION_MENU"."CAN_SHOW" IS '是否展示,0表示不显示,1表示显示';
 
   COMMENT ON COLUMN "FZZLKPIV2"."KPI_PERMISSION_MENU"."CREATE_TIME" IS '记录创建时间';
 
   COMMENT ON COLUMN "FZZLKPIV2"."KPI_PERMISSION_MENU"."CREATE_USER_ID" IS '记录添加人ID,关联XT_USER.ID';
 
   COMMENT ON COLUMN "FZZLKPIV2"."KPI_PERMISSION_MENU"."UPDATE_TIME" IS '记录修改时间';
 
   COMMENT ON COLUMN "FZZLKPIV2"."KPI_PERMISSION_MENU"."UPDATE_USER_ID" IS '记录修改人ID,关联XT_USER.ID';
 
   COMMENT ON COLUMN "FZZLKPIV2"."KPI_PERMISSION_MENU"."SHOW_ORDER" IS '展示顺序';
 
   COMMENT ON COLUMN "FZZLKPIV2"."KPI_PERMISSION_MENU"."SORT" IS '菜单排序字段';
 
   COMMENT ON TABLE "FZZLKPIV2"."KPI_PERMISSION_MENU"  IS 'KPI系统菜单表';
--------------------------------------------------------
--  DDL for Table KPI_PERMISSION_ROLE
--------------------------------------------------------

  CREATE TABLE "FZZLKPIV2"."KPI_PERMISSION_ROLE" 
   (	"ID" VARCHAR2(19 BYTE), 
	"NAME" VARCHAR2(100 BYTE), 
	"CREATE_TIME" DATE, 
	"CREATE_USER_ID" VARCHAR2(19 BYTE), 
	"UPDATE_TIME" DATE, 
	"UPDATE_USER_ID" VARCHAR2(19 BYTE)
   ) SEGMENT CREATION IMMEDIATE 
  PCTFREE 10 PCTUSED 40 INITRANS 1 MAXTRANS 255 NOCOMPRESS LOGGING
  STORAGE(INITIAL 65536 NEXT 1048576 MINEXTENTS 1 MAXEXTENTS 2147483645
  PCTINCREASE 0 FREELISTS 1 FREELIST GROUPS 1 BUFFER_POOL DEFAULT FLASH_CACHE DEFAULT CELL_FLASH_CACHE DEFAULT)
  TABLESPACE "FZZL_KPI" ;
 

   COMMENT ON COLUMN "FZZLKPIV2"."KPI_PERMISSION_ROLE"."NAME" IS '姓名';
 
   COMMENT ON COLUMN "FZZLKPIV2"."KPI_PERMISSION_ROLE"."CREATE_TIME" IS '记录创建时间';
 
   COMMENT ON COLUMN "FZZLKPIV2"."KPI_PERMISSION_ROLE"."CREATE_USER_ID" IS '记录添加人ID,关联XT_USER.ID';
 
   COMMENT ON COLUMN "FZZLKPIV2"."KPI_PERMISSION_ROLE"."UPDATE_TIME" IS '记录修改时间';
 
   COMMENT ON COLUMN "FZZLKPIV2"."KPI_PERMISSION_ROLE"."UPDATE_USER_ID" IS '记录修改人ID,关联XT_USER.ID';
 
   COMMENT ON TABLE "FZZLKPIV2"."KPI_PERMISSION_ROLE"  IS '客户接口系统角色表';
--------------------------------------------------------
--  DDL for Table KPI_PERMISSION_ROLE_MENU
--------------------------------------------------------

  CREATE TABLE "FZZLKPIV2"."KPI_PERMISSION_ROLE_MENU" 
   (	"ID" VARCHAR2(19 BYTE), 
	"ROLE_ID" VARCHAR2(19 BYTE), 
	"MENU_ID" VARCHAR2(19 BYTE)
   ) SEGMENT CREATION IMMEDIATE 
  PCTFREE 10 PCTUSED 40 INITRANS 1 MAXTRANS 255 NOCOMPRESS LOGGING
  STORAGE(INITIAL 65536 NEXT 1048576 MINEXTENTS 1 MAXEXTENTS 2147483645
  PCTINCREASE 0 FREELISTS 1 FREELIST GROUPS 1 BUFFER_POOL DEFAULT FLASH_CACHE DEFAULT CELL_FLASH_CACHE DEFAULT)
  TABLESPACE "FZZL_KPI" ;
 

   COMMENT ON COLUMN "FZZLKPIV2"."KPI_PERMISSION_ROLE_MENU"."ROLE_ID" IS '角色ID,关联KPI_PERMISSION_ROLE.ID';
 
   COMMENT ON COLUMN "FZZLKPIV2"."KPI_PERMISSION_ROLE_MENU"."MENU_ID" IS '菜单ID,关联KPI_PERMISSION_MENU.ID';
 
   COMMENT ON TABLE "FZZLKPIV2"."KPI_PERMISSION_ROLE_MENU"  IS '客户接口系统，角色菜单关联表';
--------------------------------------------------------
--  DDL for Table KPI_PERMISSION_USER_ROLE
--------------------------------------------------------

  CREATE TABLE "FZZLKPIV2"."KPI_PERMISSION_USER_ROLE" 
   (	"ID" VARCHAR2(19 BYTE), 
	"USER_ID" VARCHAR2(19 BYTE), 
	"KPI_ROLE_ID" VARCHAR2(19 BYTE)
   ) SEGMENT CREATION IMMEDIATE 
  PCTFREE 10 PCTUSED 40 INITRANS 1 MAXTRANS 255 NOCOMPRESS LOGGING
  STORAGE(INITIAL 65536 NEXT 1048576 MINEXTENTS 1 MAXEXTENTS 2147483645
  PCTINCREASE 0 FREELISTS 1 FREELIST GROUPS 1 BUFFER_POOL DEFAULT FLASH_CACHE DEFAULT CELL_FLASH_CACHE DEFAULT)
  TABLESPACE "FZZL_KPI" ;
 

   COMMENT ON COLUMN "FZZLKPIV2"."KPI_PERMISSION_USER_ROLE"."USER_ID" IS '系统操作员ID,内部系统的';
 
   COMMENT ON COLUMN "FZZLKPIV2"."KPI_PERMISSION_USER_ROLE"."KPI_ROLE_ID" IS '系统角色ID,关联KPI_PERMISSION_ROLE.ID';
 
   COMMENT ON TABLE "FZZLKPIV2"."KPI_PERMISSION_USER_ROLE"  IS '客户接口系统操作员与角色的关联表';
--------------------------------------------------------
--  DDL for Table KPI_RESULT
--------------------------------------------------------

  CREATE TABLE "FZZLKPIV2"."KPI_RESULT" 
   (	"ID" VARCHAR2(19 BYTE), 
	"INDICATOR_TEMPLATE_ID" VARCHAR2(19 BYTE), 
	"INDICATOR_TEMPLATE_NAME" VARCHAR2(300 BYTE), 
	"INDICATOR_TEMPLATE_MEMO" VARCHAR2(2000 BYTE), 
	"DEP_ID" NUMBER(15,0), 
	"POSITION_ID" NUMBER(15,0), 
	"KPI_LEVEL_ID" NUMBER(15,0), 
	"EXECUTOR_USER_ID" VARCHAR2(19 BYTE), 
	"EXECUTOR_USER_NAME" VARCHAR2(100 BYTE), 
	"MONTH" NUMBER(6,0), 
	"PERSON_TOTAL_SCORE" NUMBER(15,2), 
	"PERSON_TEMPLATE_TOTAL_SCORE" NUMBER(15,2), 
	"CREATE_USER_ID" VARCHAR2(19 BYTE), 
	"CREATE_TIME" DATE, 
	"UPDATE_USER_ID" VARCHAR2(19 BYTE), 
	"UPDATE_TIME" DATE
   ) SEGMENT CREATION IMMEDIATE 
  PCTFREE 10 PCTUSED 40 INITRANS 1 MAXTRANS 255 NOCOMPRESS LOGGING
  STORAGE(INITIAL 65536 NEXT 1048576 MINEXTENTS 1 MAXEXTENTS 2147483645
  PCTINCREASE 0 FREELISTS 1 FREELIST GROUPS 1 BUFFER_POOL DEFAULT FLASH_CACHE DEFAULT CELL_FLASH_CACHE DEFAULT)
  TABLESPACE "FZZL_KPI" ;
 

   COMMENT ON COLUMN "FZZLKPIV2"."KPI_RESULT"."INDICATOR_TEMPLATE_ID" IS '模板id,关联kpi_indicator_template.id';
 
   COMMENT ON COLUMN "FZZLKPIV2"."KPI_RESULT"."INDICATOR_TEMPLATE_NAME" IS '模板名称';
 
   COMMENT ON COLUMN "FZZLKPIV2"."KPI_RESULT"."INDICATOR_TEMPLATE_MEMO" IS '模板说明';
 
   COMMENT ON COLUMN "FZZLKPIV2"."KPI_RESULT"."DEP_ID" IS '部门id(生成当月考核结果时的当前部门id)';
 
   COMMENT ON COLUMN "FZZLKPIV2"."KPI_RESULT"."POSITION_ID" IS '岗位id(生成当月考核结果时的当前岗位id)';
 
   COMMENT ON COLUMN "FZZLKPIV2"."KPI_RESULT"."KPI_LEVEL_ID" IS 'kpi等级id,内部系统的';
 
   COMMENT ON COLUMN "FZZLKPIV2"."KPI_RESULT"."EXECUTOR_USER_ID" IS '执行人id,内部系统的操作员ID';
 
   COMMENT ON COLUMN "FZZLKPIV2"."KPI_RESULT"."EXECUTOR_USER_NAME" IS '执行人姓名,用于页面模糊查询';
 
   COMMENT ON COLUMN "FZZLKPIV2"."KPI_RESULT"."MONTH" IS '考核月份';
 
   COMMENT ON COLUMN "FZZLKPIV2"."KPI_RESULT"."PERSON_TOTAL_SCORE" IS '个人总分,个人实际完成数量总分值';
 
   COMMENT ON COLUMN "FZZLKPIV2"."KPI_RESULT"."PERSON_TEMPLATE_TOTAL_SCORE" IS '根据个人模板分类权重计算后总分值';
 
   COMMENT ON COLUMN "FZZLKPIV2"."KPI_RESULT"."CREATE_USER_ID" IS '创建人id';
 
   COMMENT ON COLUMN "FZZLKPIV2"."KPI_RESULT"."CREATE_TIME" IS '创建时间';
 
   COMMENT ON COLUMN "FZZLKPIV2"."KPI_RESULT"."UPDATE_USER_ID" IS '更新人id';
 
   COMMENT ON COLUMN "FZZLKPIV2"."KPI_RESULT"."UPDATE_TIME" IS '更新时间';
 
   COMMENT ON TABLE "FZZLKPIV2"."KPI_RESULT"  IS '指标执行结果汇总表,该表月初通过跑批自动生成，如果有新员工在月中入职则调用相应接口生成';
--------------------------------------------------------
--  DDL for Table KPI_RESULT_DETAIL
--------------------------------------------------------

  CREATE TABLE "FZZLKPIV2"."KPI_RESULT_DETAIL" 
   (	"ID" VARCHAR2(19 BYTE), 
	"KPI_RESULT_ID" VARCHAR2(19 BYTE), 
	"INDICATOR_TEMPLATE_ID" VARCHAR2(19 BYTE), 
	"INDICATOR_TEMPLATE_NAME" VARCHAR2(300 BYTE), 
	"INDICATOR_TEMPLATE_MEMO" VARCHAR2(2000 BYTE), 
	"DEP_ID" NUMBER(15,0), 
	"POSITION_ID" NUMBER(15,0), 
	"KPI_LEVEL_ID" NUMBER(15,0), 
	"INDICATOR_CATEGORY_ID" NUMBER(19,0), 
	"INDICATOR_CATEGORY_NAME" VARCHAR2(100 BYTE), 
	"INDICATOR_CATEGORY_WEIGHT" NUMBER(15,2), 
	"INDICATOR_CATEGORY_S_TYPE_ID" NUMBER(15,0), 
	"INDICATOR_CATEGORY_IS_UPPER_L" NUMBER(15,0), 
	"INDICATOR_ID" VARCHAR2(19 BYTE), 
	"INDICATOR_NAME" VARCHAR2(300 BYTE), 
	"INDICATOR_MEMO" VARCHAR2(4000 BYTE), 
	"INDICATOR_UNIT" VARCHAR2(30 BYTE), 
	"INDICATOR_UNIT_SCORE" NUMBER(15,4), 
	"EXECUTOR_USER_ID" VARCHAR2(19 BYTE), 
	"MONTH" NUMBER(6,0), 
	"COMPLETE_AMOUNT" NUMBER(15,2), 
	"COMPLETE_SCORE" NUMBER(15,2), 
	"DATA_GATHER_TYPE_ID" NUMBER(15,0), 
	"CREATE_USER_ID" VARCHAR2(19 BYTE), 
	"CREATE_TIME" DATE, 
	"UPDATE_USER_ID" VARCHAR2(19 BYTE), 
	"UPDATE_TIME" DATE
   ) SEGMENT CREATION IMMEDIATE 
  PCTFREE 10 PCTUSED 40 INITRANS 1 MAXTRANS 255 NOCOMPRESS LOGGING
  STORAGE(INITIAL 65536 NEXT 1048576 MINEXTENTS 1 MAXEXTENTS 2147483645
  PCTINCREASE 0 FREELISTS 1 FREELIST GROUPS 1 BUFFER_POOL DEFAULT FLASH_CACHE DEFAULT CELL_FLASH_CACHE DEFAULT)
  TABLESPACE "FZZL_KPI" ;
 

   COMMENT ON COLUMN "FZZLKPIV2"."KPI_RESULT_DETAIL"."KPI_RESULT_ID" IS '指标执行结果主表ID,关联KPI_RESULT.ID';
 
   COMMENT ON COLUMN "FZZLKPIV2"."KPI_RESULT_DETAIL"."INDICATOR_TEMPLATE_ID" IS '模板ID,关联KPI_INDICATOR_TEMPLATE.ID';
 
   COMMENT ON COLUMN "FZZLKPIV2"."KPI_RESULT_DETAIL"."INDICATOR_TEMPLATE_NAME" IS '模板名称';
 
   COMMENT ON COLUMN "FZZLKPIV2"."KPI_RESULT_DETAIL"."INDICATOR_TEMPLATE_MEMO" IS '模板说明';
 
   COMMENT ON COLUMN "FZZLKPIV2"."KPI_RESULT_DETAIL"."DEP_ID" IS '部门ID(内部系统部门ID)';
 
   COMMENT ON COLUMN "FZZLKPIV2"."KPI_RESULT_DETAIL"."POSITION_ID" IS '岗位ID(执行人岗位ID,内部系统用户岗位ID)';
 
   COMMENT ON COLUMN "FZZLKPIV2"."KPI_RESULT_DETAIL"."KPI_LEVEL_ID" IS 'kpi等级ID(执行人等级ID,内部系统用户KPI等级ID)';
 
   COMMENT ON COLUMN "FZZLKPIV2"."KPI_RESULT_DETAIL"."INDICATOR_CATEGORY_ID" IS '指标分类id,关联KPI_INDICATOR_CATEGORY.ID';
 
   COMMENT ON COLUMN "FZZLKPIV2"."KPI_RESULT_DETAIL"."INDICATOR_CATEGORY_NAME" IS '指标分类名称';
 
   COMMENT ON COLUMN "FZZLKPIV2"."KPI_RESULT_DETAIL"."INDICATOR_CATEGORY_WEIGHT" IS '指标分类权重';
 
   COMMENT ON COLUMN "FZZLKPIV2"."KPI_RESULT_DETAIL"."INDICATOR_CATEGORY_S_TYPE_ID" IS '得分类型ID,关联KPI_DIC.ID,KEY=KPI_DIC_SCORE_TYPE,INDICATOR_CATEGORY_S_TYPE_ID:INDICATOR_CATEGORY_SCORE_TYPE_ID';
 
   COMMENT ON COLUMN "FZZLKPIV2"."KPI_RESULT_DETAIL"."INDICATOR_CATEGORY_IS_UPPER_L" IS '是否有分值上限,关联KPI_DIC.ID,KEY=KPI_DIC_YES_NO;有:则分值按模板中该分类的权重为上限;无:不限制分值上限;INDICATOR_CATEGORY_IS_UPPER_L:INDICATOR_CATEGORY_IS_UPPER_LIMIT';
 
   COMMENT ON COLUMN "FZZLKPIV2"."KPI_RESULT_DETAIL"."INDICATOR_ID" IS '指标id,关联KPI_INDICATOR.ID';
 
   COMMENT ON COLUMN "FZZLKPIV2"."KPI_RESULT_DETAIL"."INDICATOR_NAME" IS '指标名称';
 
   COMMENT ON COLUMN "FZZLKPIV2"."KPI_RESULT_DETAIL"."INDICATOR_MEMO" IS '指标说明';
 
   COMMENT ON COLUMN "FZZLKPIV2"."KPI_RESULT_DETAIL"."INDICATOR_UNIT" IS '指标数量单位';
 
   COMMENT ON COLUMN "FZZLKPIV2"."KPI_RESULT_DETAIL"."INDICATOR_UNIT_SCORE" IS '指标单位分值';
 
   COMMENT ON COLUMN "FZZLKPIV2"."KPI_RESULT_DETAIL"."EXECUTOR_USER_ID" IS '执行人ID,内部系统的';
 
   COMMENT ON COLUMN "FZZLKPIV2"."KPI_RESULT_DETAIL"."MONTH" IS '考核月份';
 
   COMMENT ON COLUMN "FZZLKPIV2"."KPI_RESULT_DETAIL"."COMPLETE_AMOUNT" IS '完成数量';
 
   COMMENT ON COLUMN "FZZLKPIV2"."KPI_RESULT_DETAIL"."COMPLETE_SCORE" IS '完成分值,结果=完成数量*指标单位分值';
 
   COMMENT ON COLUMN "FZZLKPIV2"."KPI_RESULT_DETAIL"."DATA_GATHER_TYPE_ID" IS '数据来源类型ID(目前有内部系统与钉钉),关联KPI_DIC.ID,key=KPI_DIC_DATA_GATHER_TYPE_ID,定时跑批时程序中指定';
 
   COMMENT ON COLUMN "FZZLKPIV2"."KPI_RESULT_DETAIL"."CREATE_USER_ID" IS '创建人id';
 
   COMMENT ON COLUMN "FZZLKPIV2"."KPI_RESULT_DETAIL"."CREATE_TIME" IS '创建时间';
 
   COMMENT ON COLUMN "FZZLKPIV2"."KPI_RESULT_DETAIL"."UPDATE_USER_ID" IS '更新人id';
 
   COMMENT ON COLUMN "FZZLKPIV2"."KPI_RESULT_DETAIL"."UPDATE_TIME" IS '更新时间';
 
   COMMENT ON TABLE "FZZLKPIV2"."KPI_RESULT_DETAIL"  IS '指标执行表（执行结果明细）';
--------------------------------------------------------
--  DDL for Table KPI_RESULT_DETAIL_QUANTITY
--------------------------------------------------------

  CREATE TABLE "FZZLKPIV2"."KPI_RESULT_DETAIL_QUANTITY" 
   (	"ID" VARCHAR2(19 BYTE), 
	"KPI_RESULT_DETAIL_ID" VARCHAR2(19 BYTE), 
	"DATA_GATHER_INSTANCE_ID" VARCHAR2(100 BYTE), 
	"INSTANCE_RETURN_JSON" CLOB, 
	"COMPLETE_AMOUNT" NUMBER(15,2), 
	"COMPLETE_TIME" DATE, 
	"TASK_SUMMARY_INFO" VARCHAR2(4000 BYTE), 
	"IMG_URL" VARCHAR2(4000 BYTE), 
	"CREATE_USER_ID" VARCHAR2(19 BYTE), 
	"CREATE_TIME" DATE, 
	"UPDATE_USER_ID" VARCHAR2(19 BYTE), 
	"UPDATE_TIME" DATE
   ) SEGMENT CREATION IMMEDIATE 
  PCTFREE 10 PCTUSED 40 INITRANS 1 MAXTRANS 255 NOCOMPRESS LOGGING
  STORAGE(INITIAL 65536 NEXT 1048576 MINEXTENTS 1 MAXEXTENTS 2147483645
  PCTINCREASE 0 FREELISTS 1 FREELIST GROUPS 1 BUFFER_POOL DEFAULT FLASH_CACHE DEFAULT CELL_FLASH_CACHE DEFAULT)
  TABLESPACE "FZZL_KPI" 
 LOB ("INSTANCE_RETURN_JSON") STORE AS BASICFILE (
  TABLESPACE "FZZL_KPI" ENABLE STORAGE IN ROW CHUNK 8192 RETENTION 
  NOCACHE LOGGING 
  STORAGE(INITIAL 65536 NEXT 1048576 MINEXTENTS 1 MAXEXTENTS 2147483645
  PCTINCREASE 0 FREELISTS 1 FREELIST GROUPS 1 BUFFER_POOL DEFAULT FLASH_CACHE DEFAULT CELL_FLASH_CACHE DEFAULT)) ;
 

   COMMENT ON COLUMN "FZZLKPIV2"."KPI_RESULT_DETAIL_QUANTITY"."KPI_RESULT_DETAIL_ID" IS '指标执行结果表ID,关联KPI_RESULT_DETAIL.ID';
 
   COMMENT ON COLUMN "FZZLKPIV2"."KPI_RESULT_DETAIL_QUANTITY"."DATA_GATHER_INSTANCE_ID" IS '表数据id或钉钉审批流程实例id,无关联,做重复性导入检查使用';
 
   COMMENT ON COLUMN "FZZLKPIV2"."KPI_RESULT_DETAIL_QUANTITY"."INSTANCE_RETURN_JSON" IS '钉钉审批流程实例返回JSON对象';
 
   COMMENT ON COLUMN "FZZLKPIV2"."KPI_RESULT_DETAIL_QUANTITY"."COMPLETE_AMOUNT" IS '完成数量';
 
   COMMENT ON COLUMN "FZZLKPIV2"."KPI_RESULT_DETAIL_QUANTITY"."COMPLETE_TIME" IS '完成时间';
 
   COMMENT ON COLUMN "FZZLKPIV2"."KPI_RESULT_DETAIL_QUANTITY"."TASK_SUMMARY_INFO" IS '任务概要信息';
 
   COMMENT ON COLUMN "FZZLKPIV2"."KPI_RESULT_DETAIL_QUANTITY"."IMG_URL" IS '图片URL,多个用半角逗号分隔,钉钉也是这样处理的';
 
   COMMENT ON COLUMN "FZZLKPIV2"."KPI_RESULT_DETAIL_QUANTITY"."CREATE_USER_ID" IS '创建人id';
 
   COMMENT ON COLUMN "FZZLKPIV2"."KPI_RESULT_DETAIL_QUANTITY"."CREATE_TIME" IS '创建时间';
 
   COMMENT ON COLUMN "FZZLKPIV2"."KPI_RESULT_DETAIL_QUANTITY"."UPDATE_USER_ID" IS '更新人id';
 
   COMMENT ON COLUMN "FZZLKPIV2"."KPI_RESULT_DETAIL_QUANTITY"."UPDATE_TIME" IS '更新时间';
 
   COMMENT ON TABLE "FZZLKPIV2"."KPI_RESULT_DETAIL_QUANTITY"  IS '指标执行结果表';
REM INSERTING into FZZLKPIV2.KPI_DIC
SET DEFINE OFF;
Insert into FZZLKPIV2.KPI_DIC (ID,NAME,PID,KEY,UNIQUE_KEY,STATUS_ID,MEMO,HOLD_FIELD_1,HOLD_FIELD_1_MEMO,HOLD_FIELD_2,HOLD_FIELD_2_MEMO,HOLD_FIELD_3,HOLD_FIELD_3_MEMO,HOLD_FIELD_4,HOLD_FIELD_4_MEMO,HOLD_FIELD_5,HOLD_FIELD_5_MEMO,CREATE_USER_ID,CREATE_TIME,UPDATE_USER_ID,UPDATE_TIME) values (1000,'KPI_CONFIG',0,'KPI_CONFIG',null,11,null,null,null,null,null,null,null,null,null,null,null,null,null,null,null);
Insert into FZZLKPIV2.KPI_DIC (ID,NAME,PID,KEY,UNIQUE_KEY,STATUS_ID,MEMO,HOLD_FIELD_1,HOLD_FIELD_1_MEMO,HOLD_FIELD_2,HOLD_FIELD_2_MEMO,HOLD_FIELD_3,HOLD_FIELD_3_MEMO,HOLD_FIELD_4,HOLD_FIELD_4_MEMO,HOLD_FIELD_5,HOLD_FIELD_5_MEMO,CREATE_USER_ID,CREATE_TIME,UPDATE_USER_ID,UPDATE_TIME) values (1001,'钉钉获取定量数据限制天数',1000,null,'KPI_DIC_DINGDING_DATAGATHER_LIMIT_DAYS',11,null,'10','钉钉获取定量数据限制天数',null,null,null,null,null,null,null,null,null,null,null,null);
Insert into FZZLKPIV2.KPI_DIC (ID,NAME,PID,KEY,UNIQUE_KEY,STATUS_ID,MEMO,HOLD_FIELD_1,HOLD_FIELD_1_MEMO,HOLD_FIELD_2,HOLD_FIELD_2_MEMO,HOLD_FIELD_3,HOLD_FIELD_3_MEMO,HOLD_FIELD_4,HOLD_FIELD_4_MEMO,HOLD_FIELD_5,HOLD_FIELD_5_MEMO,CREATE_USER_ID,CREATE_TIME,UPDATE_USER_ID,UPDATE_TIME) values (1,'在职',3,null,'XT_DIC_EMPLOYEE_STATUS_ON',11,null,null,null,null,null,null,null,null,null,null,null,null,null,null,null);
Insert into FZZLKPIV2.KPI_DIC (ID,NAME,PID,KEY,UNIQUE_KEY,STATUS_ID,MEMO,HOLD_FIELD_1,HOLD_FIELD_1_MEMO,HOLD_FIELD_2,HOLD_FIELD_2_MEMO,HOLD_FIELD_3,HOLD_FIELD_3_MEMO,HOLD_FIELD_4,HOLD_FIELD_4_MEMO,HOLD_FIELD_5,HOLD_FIELD_5_MEMO,CREATE_USER_ID,CREATE_TIME,UPDATE_USER_ID,UPDATE_TIME) values (2,'离职',3,null,'XT_DIC_EMPLOYEE_STATUS_LEAVE',11,null,null,null,null,null,null,null,null,null,null,null,null,null,null,null);
Insert into FZZLKPIV2.KPI_DIC (ID,NAME,PID,KEY,UNIQUE_KEY,STATUS_ID,MEMO,HOLD_FIELD_1,HOLD_FIELD_1_MEMO,HOLD_FIELD_2,HOLD_FIELD_2_MEMO,HOLD_FIELD_3,HOLD_FIELD_3_MEMO,HOLD_FIELD_4,HOLD_FIELD_4_MEMO,HOLD_FIELD_5,HOLD_FIELD_5_MEMO,CREATE_USER_ID,CREATE_TIME,UPDATE_USER_ID,UPDATE_TIME) values (0,'业务代码表维护',-1,null,null,11,null,null,null,null,null,null,null,null,null,null,null,null,null,null,null);
Insert into FZZLKPIV2.KPI_DIC (ID,NAME,PID,KEY,UNIQUE_KEY,STATUS_ID,MEMO,HOLD_FIELD_1,HOLD_FIELD_1_MEMO,HOLD_FIELD_2,HOLD_FIELD_2_MEMO,HOLD_FIELD_3,HOLD_FIELD_3_MEMO,HOLD_FIELD_4,HOLD_FIELD_4_MEMO,HOLD_FIELD_5,HOLD_FIELD_5_MEMO,CREATE_USER_ID,CREATE_TIME,UPDATE_USER_ID,UPDATE_TIME) values (101,'KPI考核分公司',0,'KPI_DIC_EXAMINE_COMPANY',null,11,null,null,null,null,null,null,null,null,null,null,null,null,null,null,null);
Insert into FZZLKPIV2.KPI_DIC (ID,NAME,PID,KEY,UNIQUE_KEY,STATUS_ID,MEMO,HOLD_FIELD_1,HOLD_FIELD_1_MEMO,HOLD_FIELD_2,HOLD_FIELD_2_MEMO,HOLD_FIELD_3,HOLD_FIELD_3_MEMO,HOLD_FIELD_4,HOLD_FIELD_4_MEMO,HOLD_FIELD_5,HOLD_FIELD_5_MEMO,CREATE_USER_ID,CREATE_TIME,UPDATE_USER_ID,UPDATE_TIME) values (102,'北京方智中立劳务派遣有限公司',101,null,null,11,null,'1','分公司ID',null,null,null,null,null,null,null,null,null,null,null,null);
Insert into FZZLKPIV2.KPI_DIC (ID,NAME,PID,KEY,UNIQUE_KEY,STATUS_ID,MEMO,HOLD_FIELD_1,HOLD_FIELD_1_MEMO,HOLD_FIELD_2,HOLD_FIELD_2_MEMO,HOLD_FIELD_3,HOLD_FIELD_3_MEMO,HOLD_FIELD_4,HOLD_FIELD_4_MEMO,HOLD_FIELD_5,HOLD_FIELD_5_MEMO,CREATE_USER_ID,CREATE_TIME,UPDATE_USER_ID,UPDATE_TIME) values (103,'上海方智劳务派遣有限公司',101,null,null,11,null,'21','分公司ID',null,null,null,null,null,null,null,null,null,null,null,null);
Insert into FZZLKPIV2.KPI_DIC (ID,NAME,PID,KEY,UNIQUE_KEY,STATUS_ID,MEMO,HOLD_FIELD_1,HOLD_FIELD_1_MEMO,HOLD_FIELD_2,HOLD_FIELD_2_MEMO,HOLD_FIELD_3,HOLD_FIELD_3_MEMO,HOLD_FIELD_4,HOLD_FIELD_4_MEMO,HOLD_FIELD_5,HOLD_FIELD_5_MEMO,CREATE_USER_ID,CREATE_TIME,UPDATE_USER_ID,UPDATE_TIME) values (10,'有效标志',0,'KPI_DIC_STATUS',null,11,null,null,null,null,null,null,null,null,null,null,null,null,null,null,null);
Insert into FZZLKPIV2.KPI_DIC (ID,NAME,PID,KEY,UNIQUE_KEY,STATUS_ID,MEMO,HOLD_FIELD_1,HOLD_FIELD_1_MEMO,HOLD_FIELD_2,HOLD_FIELD_2_MEMO,HOLD_FIELD_3,HOLD_FIELD_3_MEMO,HOLD_FIELD_4,HOLD_FIELD_4_MEMO,HOLD_FIELD_5,HOLD_FIELD_5_MEMO,CREATE_USER_ID,CREATE_TIME,UPDATE_USER_ID,UPDATE_TIME) values (11,'有效',10,null,'KPI_DIC_STATUS_1',11,null,null,null,null,null,null,null,null,null,null,null,null,null,null,null);
Insert into FZZLKPIV2.KPI_DIC (ID,NAME,PID,KEY,UNIQUE_KEY,STATUS_ID,MEMO,HOLD_FIELD_1,HOLD_FIELD_1_MEMO,HOLD_FIELD_2,HOLD_FIELD_2_MEMO,HOLD_FIELD_3,HOLD_FIELD_3_MEMO,HOLD_FIELD_4,HOLD_FIELD_4_MEMO,HOLD_FIELD_5,HOLD_FIELD_5_MEMO,CREATE_USER_ID,CREATE_TIME,UPDATE_USER_ID,UPDATE_TIME) values (12,'无效',10,null,'KPI_DIC_STATUS_2',11,null,null,null,null,null,null,null,null,null,null,null,null,null,null,null);
Insert into FZZLKPIV2.KPI_DIC (ID,NAME,PID,KEY,UNIQUE_KEY,STATUS_ID,MEMO,HOLD_FIELD_1,HOLD_FIELD_1_MEMO,HOLD_FIELD_2,HOLD_FIELD_2_MEMO,HOLD_FIELD_3,HOLD_FIELD_3_MEMO,HOLD_FIELD_4,HOLD_FIELD_4_MEMO,HOLD_FIELD_5,HOLD_FIELD_5_MEMO,CREATE_USER_ID,CREATE_TIME,UPDATE_USER_ID,UPDATE_TIME) values (120,'定量任务数据来源类型',0,'KPI_DIC_DATA_GATHER_TYPE_ID',null,11,null,null,null,null,null,null,null,null,null,null,null,null,null,null,null);
Insert into FZZLKPIV2.KPI_DIC (ID,NAME,PID,KEY,UNIQUE_KEY,STATUS_ID,MEMO,HOLD_FIELD_1,HOLD_FIELD_1_MEMO,HOLD_FIELD_2,HOLD_FIELD_2_MEMO,HOLD_FIELD_3,HOLD_FIELD_3_MEMO,HOLD_FIELD_4,HOLD_FIELD_4_MEMO,HOLD_FIELD_5,HOLD_FIELD_5_MEMO,CREATE_USER_ID,CREATE_TIME,UPDATE_USER_ID,UPDATE_TIME) values (121,'内部系统',120,null,null,11,null,null,null,null,null,null,null,null,null,null,null,null,null,null,null);
Insert into FZZLKPIV2.KPI_DIC (ID,NAME,PID,KEY,UNIQUE_KEY,STATUS_ID,MEMO,HOLD_FIELD_1,HOLD_FIELD_1_MEMO,HOLD_FIELD_2,HOLD_FIELD_2_MEMO,HOLD_FIELD_3,HOLD_FIELD_3_MEMO,HOLD_FIELD_4,HOLD_FIELD_4_MEMO,HOLD_FIELD_5,HOLD_FIELD_5_MEMO,CREATE_USER_ID,CREATE_TIME,UPDATE_USER_ID,UPDATE_TIME) values (122,'钉钉',120,null,null,11,null,null,null,null,null,null,null,null,null,null,null,null,null,null,null);
Insert into FZZLKPIV2.KPI_DIC (ID,NAME,PID,KEY,UNIQUE_KEY,STATUS_ID,MEMO,HOLD_FIELD_1,HOLD_FIELD_1_MEMO,HOLD_FIELD_2,HOLD_FIELD_2_MEMO,HOLD_FIELD_3,HOLD_FIELD_3_MEMO,HOLD_FIELD_4,HOLD_FIELD_4_MEMO,HOLD_FIELD_5,HOLD_FIELD_5_MEMO,CREATE_USER_ID,CREATE_TIME,UPDATE_USER_ID,UPDATE_TIME) values (4,'是否选择',0,'KPI_DIC_YES_NO',null,11,null,null,null,null,null,null,null,null,null,null,null,null,null,null,null);
Insert into FZZLKPIV2.KPI_DIC (ID,NAME,PID,KEY,UNIQUE_KEY,STATUS_ID,MEMO,HOLD_FIELD_1,HOLD_FIELD_1_MEMO,HOLD_FIELD_2,HOLD_FIELD_2_MEMO,HOLD_FIELD_3,HOLD_FIELD_3_MEMO,HOLD_FIELD_4,HOLD_FIELD_4_MEMO,HOLD_FIELD_5,HOLD_FIELD_5_MEMO,CREATE_USER_ID,CREATE_TIME,UPDATE_USER_ID,UPDATE_TIME) values (5,'是',4,null,'KPI_DIC_YES_NO_YES',11,null,null,null,null,null,null,null,null,null,null,null,null,null,null,null);
Insert into FZZLKPIV2.KPI_DIC (ID,NAME,PID,KEY,UNIQUE_KEY,STATUS_ID,MEMO,HOLD_FIELD_1,HOLD_FIELD_1_MEMO,HOLD_FIELD_2,HOLD_FIELD_2_MEMO,HOLD_FIELD_3,HOLD_FIELD_3_MEMO,HOLD_FIELD_4,HOLD_FIELD_4_MEMO,HOLD_FIELD_5,HOLD_FIELD_5_MEMO,CREATE_USER_ID,CREATE_TIME,UPDATE_USER_ID,UPDATE_TIME) values (6,'否',4,null,'KPI_DIC_YES_NO_NO',11,null,null,null,null,null,null,null,null,null,null,null,null,null,null,null);
Insert into FZZLKPIV2.KPI_DIC (ID,NAME,PID,KEY,UNIQUE_KEY,STATUS_ID,MEMO,HOLD_FIELD_1,HOLD_FIELD_1_MEMO,HOLD_FIELD_2,HOLD_FIELD_2_MEMO,HOLD_FIELD_3,HOLD_FIELD_3_MEMO,HOLD_FIELD_4,HOLD_FIELD_4_MEMO,HOLD_FIELD_5,HOLD_FIELD_5_MEMO,CREATE_USER_ID,CREATE_TIME,UPDATE_USER_ID,UPDATE_TIME) values (108,'得分类型',0,'KPI_DIC_SCORE_TYPE',null,11,null,null,null,null,null,null,null,null,null,null,null,null,null,null,null);
Insert into FZZLKPIV2.KPI_DIC (ID,NAME,PID,KEY,UNIQUE_KEY,STATUS_ID,MEMO,HOLD_FIELD_1,HOLD_FIELD_1_MEMO,HOLD_FIELD_2,HOLD_FIELD_2_MEMO,HOLD_FIELD_3,HOLD_FIELD_3_MEMO,HOLD_FIELD_4,HOLD_FIELD_4_MEMO,HOLD_FIELD_5,HOLD_FIELD_5_MEMO,CREATE_USER_ID,CREATE_TIME,UPDATE_USER_ID,UPDATE_TIME) values (109,'正向得分',108,null,'KPI_DIC_SCORE_TYPE_POSITIVE',11,null,null,null,null,null,null,null,null,null,null,null,null,null,null,null);
Insert into FZZLKPIV2.KPI_DIC (ID,NAME,PID,KEY,UNIQUE_KEY,STATUS_ID,MEMO,HOLD_FIELD_1,HOLD_FIELD_1_MEMO,HOLD_FIELD_2,HOLD_FIELD_2_MEMO,HOLD_FIELD_3,HOLD_FIELD_3_MEMO,HOLD_FIELD_4,HOLD_FIELD_4_MEMO,HOLD_FIELD_5,HOLD_FIELD_5_MEMO,CREATE_USER_ID,CREATE_TIME,UPDATE_USER_ID,UPDATE_TIME) values (110,'反向得分',108,null,'KPI_DIC_SCORE_TYPE_NEGATIVE',11,null,null,null,null,null,null,null,null,null,null,null,null,null,null,null);
REM INSERTING into FZZLKPIV2.KPI_INDICATOR
SET DEFINE OFF;
Insert into FZZLKPIV2.KPI_INDICATOR (ID,NAME,MEMO,INDICATOR_CATEGORY_ID,DEP_ID,POSITION_ID,UNIT,DATA_GATHER_TYPE_ID,DATA_GATHER_TABLE,IS_USE_DEFAULT_CLASS,CLASS_NAME,DD_COMPLETE_AMOUNT_FIELD,DD_TASK_SUMMARY_INFO_FIELDS,DD_URL_FIELDS,CREATE_USER_ID,CREATE_TIME,UPDATE_USER_ID,UPDATE_TIME) values ('58515292946436096','测试','测试',58233503262707712,1030000108,1030044443,'个',1,'PROC-A2EA7466-8A2A-4B04-8985-DD427B63FAB9',5,null,'考核数量','考核数量,考核图','考核图','0',null,'0',null);
Insert into FZZLKPIV2.KPI_INDICATOR (ID,NAME,MEMO,INDICATOR_CATEGORY_ID,DEP_ID,POSITION_ID,UNIT,DATA_GATHER_TYPE_ID,DATA_GATHER_TABLE,IS_USE_DEFAULT_CLASS,CLASS_NAME,DD_COMPLETE_AMOUNT_FIELD,DD_TASK_SUMMARY_INFO_FIELDS,DD_URL_FIELDS,CREATE_USER_ID,CREATE_TIME,UPDATE_USER_ID,UPDATE_TIME) values ('58515911711133696','ceshi2-one','ceshi2',58233421838684160,1030000108,1030044443,'次',1,'PROC-98FC0530-CC54-4357-9FDA-FBAF95EA5002',5,null,'考核数量','考核科目,考核数量,验证图片
','验证图片','0',null,'0',null);
Insert into FZZLKPIV2.KPI_INDICATOR (ID,NAME,MEMO,INDICATOR_CATEGORY_ID,DEP_ID,POSITION_ID,UNIT,DATA_GATHER_TYPE_ID,DATA_GATHER_TABLE,IS_USE_DEFAULT_CLASS,CLASS_NAME,DD_COMPLETE_AMOUNT_FIELD,DD_TASK_SUMMARY_INFO_FIELDS,DD_URL_FIELDS,CREATE_USER_ID,CREATE_TIME,UPDATE_USER_ID,UPDATE_TIME) values ('58247472547368960','工作汇报1','工作汇报',58233421838684160,1030000108,1030044444,'次',1,'PROC-F4BB9EC7-256D-473B-9C01-A019B7773B69',5,null,'指标数量','指标名称,指标数量,考核图','考核图','0',null,'0',null);
Insert into FZZLKPIV2.KPI_INDICATOR (ID,NAME,MEMO,INDICATOR_CATEGORY_ID,DEP_ID,POSITION_ID,UNIT,DATA_GATHER_TYPE_ID,DATA_GATHER_TABLE,IS_USE_DEFAULT_CLASS,CLASS_NAME,DD_COMPLETE_AMOUNT_FIELD,DD_TASK_SUMMARY_INFO_FIELDS,DD_URL_FIELDS,CREATE_USER_ID,CREATE_TIME,UPDATE_USER_ID,UPDATE_TIME) values ('58248060794310656','问题解决','问题解决',58233503262707712,1030000108,1030044444,'个',1,'PROC-EMPTY-DEMO',5,null,'指标数量','指标名称,指标数量,考核图','考核图','0',null,'0',null);
Insert into FZZLKPIV2.KPI_INDICATOR (ID,NAME,MEMO,INDICATOR_CATEGORY_ID,DEP_ID,POSITION_ID,UNIT,DATA_GATHER_TYPE_ID,DATA_GATHER_TABLE,IS_USE_DEFAULT_CLASS,CLASS_NAME,DD_COMPLETE_AMOUNT_FIELD,DD_TASK_SUMMARY_INFO_FIELDS,DD_URL_FIELDS,CREATE_USER_ID,CREATE_TIME,UPDATE_USER_ID,UPDATE_TIME) values ('58239053136400384','系统推进了解','系统推进了解',58233421838684160,1030000108,1030044442,'次',1,'PROC-F4BB9EC7-256D-473B-9C01-A019B7773B69',5,null,'指标数量','指标名称,指标数量,考核图','考核图','0',null,'0',null);
Insert into FZZLKPIV2.KPI_INDICATOR (ID,NAME,MEMO,INDICATOR_CATEGORY_ID,DEP_ID,POSITION_ID,UNIT,DATA_GATHER_TYPE_ID,DATA_GATHER_TABLE,IS_USE_DEFAULT_CLASS,CLASS_NAME,DD_COMPLETE_AMOUNT_FIELD,DD_TASK_SUMMARY_INFO_FIELDS,DD_URL_FIELDS,CREATE_USER_ID,CREATE_TIME,UPDATE_USER_ID,UPDATE_TIME) values ('58609534565879808','勇哥专用测试','勇哥专用测试',58608520282509312,1030000108,1030035832,'次',1,'PROC-98FC0530-CC54-4357-9FDA-FBAF95EA5002',5,null,'考核数量','考核数量,验证图片','验证图片','0',null,'0',null);
Insert into FZZLKPIV2.KPI_INDICATOR (ID,NAME,MEMO,INDICATOR_CATEGORY_ID,DEP_ID,POSITION_ID,UNIT,DATA_GATHER_TYPE_ID,DATA_GATHER_TABLE,IS_USE_DEFAULT_CLASS,CLASS_NAME,DD_COMPLETE_AMOUNT_FIELD,DD_TASK_SUMMARY_INFO_FIELDS,DD_URL_FIELDS,CREATE_USER_ID,CREATE_TIME,UPDATE_USER_ID,UPDATE_TIME) values ('58598863677689856','测试1','测试1',58233503262707712,1030000108,1030044216,'个',1,'测试1 ',5,'测试1 ','测试1 ','测试1 ','测试1 ','0',null,'0',null);
Insert into FZZLKPIV2.KPI_INDICATOR (ID,NAME,MEMO,INDICATOR_CATEGORY_ID,DEP_ID,POSITION_ID,UNIT,DATA_GATHER_TYPE_ID,DATA_GATHER_TABLE,IS_USE_DEFAULT_CLASS,CLASS_NAME,DD_COMPLETE_AMOUNT_FIELD,DD_TASK_SUMMARY_INFO_FIELDS,DD_URL_FIELDS,CREATE_USER_ID,CREATE_TIME,UPDATE_USER_ID,UPDATE_TIME) values ('58608894464757760','培训新员工了解行业概况前景','培训新员工了解行业概况前景
',58608368851357696,1030035444,1030035897,'次',1,'测试1 ',5,'测试1 ','测试1 ','测试1 ','测试1 ','0',null,'0',null);
Insert into FZZLKPIV2.KPI_INDICATOR (ID,NAME,MEMO,INDICATOR_CATEGORY_ID,DEP_ID,POSITION_ID,UNIT,DATA_GATHER_TYPE_ID,DATA_GATHER_TABLE,IS_USE_DEFAULT_CLASS,CLASS_NAME,DD_COMPLETE_AMOUNT_FIELD,DD_TASK_SUMMARY_INFO_FIELDS,DD_URL_FIELDS,CREATE_USER_ID,CREATE_TIME,UPDATE_USER_ID,UPDATE_TIME) values ('58609940629032960','勇哥专用测试指标2','勇哥专用测试指标2',58608617485504512,1030000108,1030035832,'次',1,'PROC-BC01E548-2357-48FC-8D96-0021F924F54B',5,null,'考核数量','考核数量,考核图片','考核图片','0',null,'0',null);
Insert into FZZLKPIV2.KPI_INDICATOR (ID,NAME,MEMO,INDICATOR_CATEGORY_ID,DEP_ID,POSITION_ID,UNIT,DATA_GATHER_TYPE_ID,DATA_GATHER_TABLE,IS_USE_DEFAULT_CLASS,CLASS_NAME,DD_COMPLETE_AMOUNT_FIELD,DD_TASK_SUMMARY_INFO_FIELDS,DD_URL_FIELDS,CREATE_USER_ID,CREATE_TIME,UPDATE_USER_ID,UPDATE_TIME) values ('58615492872507392','测试555','测试555',58233503262707712,1030000108,1030044443,'次',1,'PROC-BC01E548-2357-48FC-8D96-0021F924F54B',5,null,'考核数量','考核数量,考核图片','考核图片','0',null,'0',null);
REM INSERTING into FZZLKPIV2.KPI_INDICATOR_CATEGORY
SET DEFINE OFF;
Insert into FZZLKPIV2.KPI_INDICATOR_CATEGORY (ID,DEP_ID,NAME,SCORE_TYPE_ID,IS_UPPER_LIMIT) values (58233572837822464,1030000108,'行为考核',110,6);
Insert into FZZLKPIV2.KPI_INDICATOR_CATEGORY (ID,DEP_ID,NAME,SCORE_TYPE_ID,IS_UPPER_LIMIT) values (58608360429195264,1030000108,'被动工作2',109,6);
Insert into FZZLKPIV2.KPI_INDICATOR_CATEGORY (ID,DEP_ID,NAME,SCORE_TYPE_ID,IS_UPPER_LIMIT) values (58598216404307968,1030000108,'主动工作',109,6);
Insert into FZZLKPIV2.KPI_INDICATOR_CATEGORY (ID,DEP_ID,NAME,SCORE_TYPE_ID,IS_UPPER_LIMIT) values (58608368851357696,1030035444,'主动工作',109,6);
Insert into FZZLKPIV2.KPI_INDICATOR_CATEGORY (ID,DEP_ID,NAME,SCORE_TYPE_ID,IS_UPPER_LIMIT) values (58608520282509312,1030000108,'主动工作-勇哥专用',109,6);
Insert into FZZLKPIV2.KPI_INDICATOR_CATEGORY (ID,DEP_ID,NAME,SCORE_TYPE_ID,IS_UPPER_LIMIT) values (58608617485504512,1030000108,'被动工作-勇哥专用',110,5);
Insert into FZZLKPIV2.KPI_INDICATOR_CATEGORY (ID,DEP_ID,NAME,SCORE_TYPE_ID,IS_UPPER_LIMIT) values (58233421838684160,1030000108,'主动工作-one',110,5);
Insert into FZZLKPIV2.KPI_INDICATOR_CATEGORY (ID,DEP_ID,NAME,SCORE_TYPE_ID,IS_UPPER_LIMIT) values (58233503262707712,1030000108,'被动工作',109,5);
REM INSERTING into FZZLKPIV2.KPI_INDICATOR_DATA_GATHER_TYPE
SET DEFINE OFF;
Insert into FZZLKPIV2.KPI_INDICATOR_DATA_GATHER_TYPE (ID,NAME,CLASS_NAME,CREATE_USER_ID,CREATE_TIME,UPDATE_USER_ID,UPDATE_TIME) values (1,'钉钉系统','com.fzzli.client.kpisystemv2.modules.kpi.datagather.dingding.defaultimpl.service.DefaultDataGatherOfDingdingService',null,null,null,null);
Insert into FZZLKPIV2.KPI_INDICATOR_DATA_GATHER_TYPE (ID,NAME,CLASS_NAME,CREATE_USER_ID,CREATE_TIME,UPDATE_USER_ID,UPDATE_TIME) values (2,'内部系统','com.fzzli.client.kpisystemv2.modules.kpi.datagather.innersystem.defaultimpl.service.DefaultDataGatherOfInnerSystemService',null,null,null,null);
REM INSERTING into FZZLKPIV2.KPI_INDICATOR_TEMPLATE
SET DEFINE OFF;
Insert into FZZLKPIV2.KPI_INDICATOR_TEMPLATE (ID,NAME,MEMO,DEP_ID,POSITION_ID,KPI_LEVEL_ID,CREATE_USER_ID,CREATE_TIME,UPDATE_USER_ID,UPDATE_TIME) values ('58610558017998848','培训部内部考核模板','培训部内部考核模板',1030035444,1030035897,2,'0',null,'0',null);
Insert into FZZLKPIV2.KPI_INDICATOR_TEMPLATE (ID,NAME,MEMO,DEP_ID,POSITION_ID,KPI_LEVEL_ID,CREATE_USER_ID,CREATE_TIME,UPDATE_USER_ID,UPDATE_TIME) values ('58516168335429632','技术部测试指标模板3','技术部测试指标模板3',1030000108,1030044443,1,'0',null,'0',null);
Insert into FZZLKPIV2.KPI_INDICATOR_TEMPLATE (ID,NAME,MEMO,DEP_ID,POSITION_ID,KPI_LEVEL_ID,CREATE_USER_ID,CREATE_TIME,UPDATE_USER_ID,UPDATE_TIME) values ('58516917819805696','技术部测试考核模板5','技术部测试考核模板5',1030000108,1030044443,2,'0',null,'0',null);
Insert into FZZLKPIV2.KPI_INDICATOR_TEMPLATE (ID,NAME,MEMO,DEP_ID,POSITION_ID,KPI_LEVEL_ID,CREATE_USER_ID,CREATE_TIME,UPDATE_USER_ID,UPDATE_TIME) values ('58601429413138432','it部开发考核模板','it部开发考核模板',1030000108,1030044216,2,'0',null,'0',null);
Insert into FZZLKPIV2.KPI_INDICATOR_TEMPLATE (ID,NAME,MEMO,DEP_ID,POSITION_ID,KPI_LEVEL_ID,CREATE_USER_ID,CREATE_TIME,UPDATE_USER_ID,UPDATE_TIME) values ('58240570786582528','技术部测试模板-one','技术部测试模板',1030000108,1030044442,0,'0',null,'0',null);
Insert into FZZLKPIV2.KPI_INDICATOR_TEMPLATE (ID,NAME,MEMO,DEP_ID,POSITION_ID,KPI_LEVEL_ID,CREATE_USER_ID,CREATE_TIME,UPDATE_USER_ID,UPDATE_TIME) values ('58249365369655296','技术部测试考核模板2','技术部测试考核模板2',1030000108,1030044444,6,'0',null,'0',null);
Insert into FZZLKPIV2.KPI_INDICATOR_TEMPLATE (ID,NAME,MEMO,DEP_ID,POSITION_ID,KPI_LEVEL_ID,CREATE_USER_ID,CREATE_TIME,UPDATE_USER_ID,UPDATE_TIME) values ('58611267241250816','勇哥测试模板','勇哥测试模板',1030000108,1030035832,2,'0',null,'0',null);
REM INSERTING into FZZLKPIV2.KPI_INDICATOR_TP_CATEGORY
SET DEFINE OFF;
Insert into FZZLKPIV2.KPI_INDICATOR_TP_CATEGORY (ID,INDICATOR_TEMPLATE_ID,INDICATOR_CATEGORY_ID,INDICATOR_CATEGORY_WEIGHT) values ('58516168335429633','58516168335429632',58233421838684160,40);
Insert into FZZLKPIV2.KPI_INDICATOR_TP_CATEGORY (ID,INDICATOR_TEMPLATE_ID,INDICATOR_CATEGORY_ID,INDICATOR_CATEGORY_WEIGHT) values ('58516168335429635','58516168335429632',58233503262707712,60);
Insert into FZZLKPIV2.KPI_INDICATOR_TP_CATEGORY (ID,INDICATOR_TEMPLATE_ID,INDICATOR_CATEGORY_ID,INDICATOR_CATEGORY_WEIGHT) values ('58610558017998849','58610558017998848',58608368851357696,100);
Insert into FZZLKPIV2.KPI_INDICATOR_TP_CATEGORY (ID,INDICATOR_TEMPLATE_ID,INDICATOR_CATEGORY_ID,INDICATOR_CATEGORY_WEIGHT) values ('58597529859657729','58240570786582528',58233421838684160,100);
Insert into FZZLKPIV2.KPI_INDICATOR_TP_CATEGORY (ID,INDICATOR_TEMPLATE_ID,INDICATOR_CATEGORY_ID,INDICATOR_CATEGORY_WEIGHT) values ('58601429413138433','58601429413138432',58598216404307968,100);
Insert into FZZLKPIV2.KPI_INDICATOR_TP_CATEGORY (ID,INDICATOR_TEMPLATE_ID,INDICATOR_CATEGORY_ID,INDICATOR_CATEGORY_WEIGHT) values ('58620743344197633','58611267241250816',58608520282509312,50);
Insert into FZZLKPIV2.KPI_INDICATOR_TP_CATEGORY (ID,INDICATOR_TEMPLATE_ID,INDICATOR_CATEGORY_ID,INDICATOR_CATEGORY_WEIGHT) values ('58615658094530563','58516917819805696',58233503262707712,50);
Insert into FZZLKPIV2.KPI_INDICATOR_TP_CATEGORY (ID,INDICATOR_TEMPLATE_ID,INDICATOR_CATEGORY_ID,INDICATOR_CATEGORY_WEIGHT) values ('58615658094530561','58516917819805696',58233421838684160,50);
Insert into FZZLKPIV2.KPI_INDICATOR_TP_CATEGORY (ID,INDICATOR_TEMPLATE_ID,INDICATOR_CATEGORY_ID,INDICATOR_CATEGORY_WEIGHT) values ('58616402122117121','58249365369655296',58233421838684160,10);
Insert into FZZLKPIV2.KPI_INDICATOR_TP_CATEGORY (ID,INDICATOR_TEMPLATE_ID,INDICATOR_CATEGORY_ID,INDICATOR_CATEGORY_WEIGHT) values ('58616402122117123','58249365369655296',58233503262707712,90);
Insert into FZZLKPIV2.KPI_INDICATOR_TP_CATEGORY (ID,INDICATOR_TEMPLATE_ID,INDICATOR_CATEGORY_ID,INDICATOR_CATEGORY_WEIGHT) values ('58620743344197635','58611267241250816',58608617485504512,50);
REM INSERTING into FZZLKPIV2.KPI_INDICATOR_TP_CATEGORY_DT
SET DEFINE OFF;
Insert into FZZLKPIV2.KPI_INDICATOR_TP_CATEGORY_DT (ID,INDICATOR_TP_CATEGORY_ID,INDICATOR_ID,INDICATOR_UNIT_SCORE) values ('58516168335429634','58516168335429633','58515911711133696',6);
Insert into FZZLKPIV2.KPI_INDICATOR_TP_CATEGORY_DT (ID,INDICATOR_TP_CATEGORY_ID,INDICATOR_ID,INDICATOR_UNIT_SCORE) values ('58516168335429636','58516168335429635','58515292946436096',3);
Insert into FZZLKPIV2.KPI_INDICATOR_TP_CATEGORY_DT (ID,INDICATOR_TP_CATEGORY_ID,INDICATOR_ID,INDICATOR_UNIT_SCORE) values ('58610558017998850','58610558017998849','58608894464757760',5);
Insert into FZZLKPIV2.KPI_INDICATOR_TP_CATEGORY_DT (ID,INDICATOR_TP_CATEGORY_ID,INDICATOR_ID,INDICATOR_UNIT_SCORE) values ('58597529859657730','58597529859657729','58239053136400384',10);
Insert into FZZLKPIV2.KPI_INDICATOR_TP_CATEGORY_DT (ID,INDICATOR_TP_CATEGORY_ID,INDICATOR_ID,INDICATOR_UNIT_SCORE) values ('58601429413138434','58601429413138433','58598863677689856',1);
Insert into FZZLKPIV2.KPI_INDICATOR_TP_CATEGORY_DT (ID,INDICATOR_TP_CATEGORY_ID,INDICATOR_ID,INDICATOR_UNIT_SCORE) values ('58620743344197634','58620743344197633','58609534565879808',5);
Insert into FZZLKPIV2.KPI_INDICATOR_TP_CATEGORY_DT (ID,INDICATOR_TP_CATEGORY_ID,INDICATOR_ID,INDICATOR_UNIT_SCORE) values ('58615658094530564','58615658094530563','58515292946436096',5);
Insert into FZZLKPIV2.KPI_INDICATOR_TP_CATEGORY_DT (ID,INDICATOR_TP_CATEGORY_ID,INDICATOR_ID,INDICATOR_UNIT_SCORE) values ('58615658094530562','58615658094530561','58515911711133696',5);
Insert into FZZLKPIV2.KPI_INDICATOR_TP_CATEGORY_DT (ID,INDICATOR_TP_CATEGORY_ID,INDICATOR_ID,INDICATOR_UNIT_SCORE) values ('58615658094530565','58615658094530563','58615492872507392',2);
Insert into FZZLKPIV2.KPI_INDICATOR_TP_CATEGORY_DT (ID,INDICATOR_TP_CATEGORY_ID,INDICATOR_ID,INDICATOR_UNIT_SCORE) values ('58616402122117122','58616402122117121','58247472547368960',1);
Insert into FZZLKPIV2.KPI_INDICATOR_TP_CATEGORY_DT (ID,INDICATOR_TP_CATEGORY_ID,INDICATOR_ID,INDICATOR_UNIT_SCORE) values ('58616402122117124','58616402122117123','58248060794310656',1);
Insert into FZZLKPIV2.KPI_INDICATOR_TP_CATEGORY_DT (ID,INDICATOR_TP_CATEGORY_ID,INDICATOR_ID,INDICATOR_UNIT_SCORE) values ('58620743344197636','58620743344197635','58609940629032960',5);
REM INSERTING into FZZLKPIV2.KPI_PERMISSION_MENU
SET DEFINE OFF;
Insert into FZZLKPIV2.KPI_PERMISSION_MENU (ID,NAME,ICON,URL,PERMISSION,TYPE,CAN_SHOW,CREATE_TIME,CREATE_USER_ID,UPDATE_TIME,UPDATE_USER_ID,SHOW_ORDER,PID,SORT) values ('45142422207860736','指标分类查询',null,null,'indicator:category:view',1,1,null,null,null,'0',null,'45499147633037312',1);
Insert into FZZLKPIV2.KPI_PERMISSION_MENU (ID,NAME,ICON,URL,PERMISSION,TYPE,CAN_SHOW,CREATE_TIME,CREATE_USER_ID,UPDATE_TIME,UPDATE_USER_ID,SHOW_ORDER,PID,SORT) values ('45142532861988864','指标分类添加',null,null,'indicator:category:add',1,1,null,null,null,'0',null,'45499147633037312',2);
Insert into FZZLKPIV2.KPI_PERMISSION_MENU (ID,NAME,ICON,URL,PERMISSION,TYPE,CAN_SHOW,CREATE_TIME,CREATE_USER_ID,UPDATE_TIME,UPDATE_USER_ID,SHOW_ORDER,PID,SORT) values ('46241195944316928','指标科目查看',null,null,'kpi:indicator:view',1,1,null,null,null,'201712041759080993',null,'45498911820877824',0);
Insert into FZZLKPIV2.KPI_PERMISSION_MENU (ID,NAME,ICON,URL,PERMISSION,TYPE,CAN_SHOW,CREATE_TIME,CREATE_USER_ID,UPDATE_TIME,UPDATE_USER_ID,SHOW_ORDER,PID,SORT) values ('46241380263006208','定量指标编辑',null,null,'kpi:indicator:edit1',1,1,null,'201810151136030953',null,null,null,'45498911820877824',1);
Insert into FZZLKPIV2.KPI_PERMISSION_MENU (ID,NAME,ICON,URL,PERMISSION,TYPE,CAN_SHOW,CREATE_TIME,CREATE_USER_ID,UPDATE_TIME,UPDATE_USER_ID,SHOW_ORDER,PID,SORT) values ('46241524802916352','定性指标编辑',null,null,'kpi:indicator:edit2',1,1,null,'201810151136030953',null,null,null,'45498911820877824',2);
Insert into FZZLKPIV2.KPI_PERMISSION_MENU (ID,NAME,ICON,URL,PERMISSION,TYPE,CAN_SHOW,CREATE_TIME,CREATE_USER_ID,UPDATE_TIME,UPDATE_USER_ID,SHOW_ORDER,PID,SORT) values ('46241646462898176','定量指标删除',null,null,'kpi:indicator:delete1',1,1,null,'201810151136030953',null,null,null,'45498911820877824',3);
Insert into FZZLKPIV2.KPI_PERMISSION_MENU (ID,NAME,ICON,URL,PERMISSION,TYPE,CAN_SHOW,CREATE_TIME,CREATE_USER_ID,UPDATE_TIME,UPDATE_USER_ID,SHOW_ORDER,PID,SORT) values ('46241750963982336','定性指标删除',null,null,'kpi:indicator:delete2',1,1,null,'201810151136030953',null,null,null,'45498911820877824',4);
Insert into FZZLKPIV2.KPI_PERMISSION_MENU (ID,NAME,ICON,URL,PERMISSION,TYPE,CAN_SHOW,CREATE_TIME,CREATE_USER_ID,UPDATE_TIME,UPDATE_USER_ID,SHOW_ORDER,PID,SORT) values ('46967878301257728','考核结果查看明细',null,null,'result:detail:view',1,1,null,'0',null,null,null,'44150264445276160',5);
Insert into FZZLKPIV2.KPI_PERMISSION_MENU (ID,NAME,ICON,URL,PERMISSION,TYPE,CAN_SHOW,CREATE_TIME,CREATE_USER_ID,UPDATE_TIME,UPDATE_USER_ID,SHOW_ORDER,PID,SORT) values ('44084735114219520','用户管理',null,'/admin/user/index',null,0,1,null,'0',null,null,null,'44046718035038208',3);
Insert into FZZLKPIV2.KPI_PERMISSION_MENU (ID,NAME,ICON,URL,PERMISSION,TYPE,CAN_SHOW,CREATE_TIME,CREATE_USER_ID,UPDATE_TIME,UPDATE_USER_ID,SHOW_ORDER,PID,SORT) values ('45077113979539456','指标维护',null,'/kpi/indicator/kpiIndicatorManagerInit','indicator:manager:view',0,1,null,null,null,'0',null,'0',2);
Insert into FZZLKPIV2.KPI_PERMISSION_MENU (ID,NAME,ICON,URL,PERMISSION,TYPE,CAN_SHOW,CREATE_TIME,CREATE_USER_ID,UPDATE_TIME,UPDATE_USER_ID,SHOW_ORDER,PID,SORT) values ('46637507009318912','指标模板编辑页面打开',null,null,'indicator:template:openEditPage',1,1,null,null,null,'201807160954300285',null,'46635765844676608',5);
Insert into FZZLKPIV2.KPI_PERMISSION_MENU (ID,NAME,ICON,URL,PERMISSION,TYPE,CAN_SHOW,CREATE_TIME,CREATE_USER_ID,UPDATE_TIME,UPDATE_USER_ID,SHOW_ORDER,PID,SORT) values ('46635765844676608','指标模板管理',null,null,'indicator:template:view',1,0,null,null,null,'201807160954300285',null,'45077113979539456',3);
Insert into FZZLKPIV2.KPI_PERMISSION_MENU (ID,NAME,ICON,URL,PERMISSION,TYPE,CAN_SHOW,CREATE_TIME,CREATE_USER_ID,UPDATE_TIME,UPDATE_USER_ID,SHOW_ORDER,PID,SORT) values ('46637219057766400','指标模板新增页面打开',null,null,'indicator:template:openAddPage',1,1,null,null,null,'201807160954300285',null,'46635765844676608',4);
Insert into FZZLKPIV2.KPI_PERMISSION_MENU (ID,NAME,ICON,URL,PERMISSION,TYPE,CAN_SHOW,CREATE_TIME,CREATE_USER_ID,UPDATE_TIME,UPDATE_USER_ID,SHOW_ORDER,PID,SORT) values ('46638071638134784','指标模板分类详细查看',null,null,'indicator:template:openCategoryDtView',1,1,null,null,null,'201807160954300285',null,'46635765844676608',6);
Insert into FZZLKPIV2.KPI_PERMISSION_MENU (ID,NAME,ICON,URL,PERMISSION,TYPE,CAN_SHOW,CREATE_TIME,CREATE_USER_ID,UPDATE_TIME,UPDATE_USER_ID,SHOW_ORDER,PID,SORT) values ('46655727288193024','指标分类修改',null,null,'indicator:category:update',1,1,null,null,null,'201712041759080993',null,'45499147633037312',3);
Insert into FZZLKPIV2.KPI_PERMISSION_MENU (ID,NAME,ICON,URL,PERMISSION,TYPE,CAN_SHOW,CREATE_TIME,CREATE_USER_ID,UPDATE_TIME,UPDATE_USER_ID,SHOW_ORDER,PID,SORT) values ('46656162153631744','指标分类删除',null,null,'indicator:category:delete',1,1,null,null,null,'0',null,'45499147633037312',4);
Insert into FZZLKPIV2.KPI_PERMISSION_MENU (ID,NAME,ICON,URL,PERMISSION,TYPE,CAN_SHOW,CREATE_TIME,CREATE_USER_ID,UPDATE_TIME,UPDATE_USER_ID,SHOW_ORDER,PID,SORT) values ('46983068799471616','自评和评分',null,null,'kpi:result:update',1,1,null,'0',null,null,null,'44150264445276160',5);
Insert into FZZLKPIV2.KPI_PERMISSION_MENU (ID,NAME,ICON,URL,PERMISSION,TYPE,CAN_SHOW,CREATE_TIME,CREATE_USER_ID,UPDATE_TIME,UPDATE_USER_ID,SHOW_ORDER,PID,SORT) values ('44060634790236160','查看',null,null,'permission:menu:view',1,1,null,'0',null,null,null,'44047051603841024',1);
Insert into FZZLKPIV2.KPI_PERMISSION_MENU (ID,NAME,ICON,URL,PERMISSION,TYPE,CAN_SHOW,CREATE_TIME,CREATE_USER_ID,UPDATE_TIME,UPDATE_USER_ID,SHOW_ORDER,PID,SORT) values ('44060804353363968','编辑',null,null,'permission:menu:edit',1,1,null,'0',null,null,null,'44047051603841024',2);
Insert into FZZLKPIV2.KPI_PERMISSION_MENU (ID,NAME,ICON,URL,PERMISSION,TYPE,CAN_SHOW,CREATE_TIME,CREATE_USER_ID,UPDATE_TIME,UPDATE_USER_ID,SHOW_ORDER,PID,SORT) values ('44060938524954624','删除',null,null,'permission:menu:delete',1,1,null,'0',null,null,null,'44047051603841024',3);
Insert into FZZLKPIV2.KPI_PERMISSION_MENU (ID,NAME,ICON,URL,PERMISSION,TYPE,CAN_SHOW,CREATE_TIME,CREATE_USER_ID,UPDATE_TIME,UPDATE_USER_ID,SHOW_ORDER,PID,SORT) values ('44061301185449984','查看',null,null,'permission:role:view',1,1,null,'0',null,null,null,'44047180863901696',1);
Insert into FZZLKPIV2.KPI_PERMISSION_MENU (ID,NAME,ICON,URL,PERMISSION,TYPE,CAN_SHOW,CREATE_TIME,CREATE_USER_ID,UPDATE_TIME,UPDATE_USER_ID,SHOW_ORDER,PID,SORT) values ('44061487798423552','编辑',null,null,'permission:role:edit',1,1,null,'0',null,null,null,'44047180863901696',2);
Insert into FZZLKPIV2.KPI_PERMISSION_MENU (ID,NAME,ICON,URL,PERMISSION,TYPE,CAN_SHOW,CREATE_TIME,CREATE_USER_ID,UPDATE_TIME,UPDATE_USER_ID,SHOW_ORDER,PID,SORT) values ('44061687581511680','删除',null,null,'permission:role:delete',1,1,null,null,null,'0',null,'44047180863901696',3);
Insert into FZZLKPIV2.KPI_PERMISSION_MENU (ID,NAME,ICON,URL,PERMISSION,TYPE,CAN_SHOW,CREATE_TIME,CREATE_USER_ID,UPDATE_TIME,UPDATE_USER_ID,SHOW_ORDER,PID,SORT) values ('44150264445276160','我的指标完成情况',null,'/kpi/result/myKpiResultInit','kpi:result:view',0,1,null,null,null,'0',null,'0',3);
Insert into FZZLKPIV2.KPI_PERMISSION_MENU (ID,NAME,ICON,URL,PERMISSION,TYPE,CAN_SHOW,CREATE_TIME,CREATE_USER_ID,UPDATE_TIME,UPDATE_USER_ID,SHOW_ORDER,PID,SORT) values ('44150336012685312','部门指标完成情况',null,'/kpi/result/myDepKpiResultInit?isAll=6','result:dep:view',0,1,null,null,null,'0',null,'0',4);
Insert into FZZLKPIV2.KPI_PERMISSION_MENU (ID,NAME,ICON,URL,PERMISSION,TYPE,CAN_SHOW,CREATE_TIME,CREATE_USER_ID,UPDATE_TIME,UPDATE_USER_ID,SHOW_ORDER,PID,SORT) values ('44150401531908096','全部考核人员列表',null,'/kpi/result/myDepKpiResultInit?isAll=5','result:dep:view',0,1,null,null,null,'0',null,'0',5);
Insert into FZZLKPIV2.KPI_PERMISSION_MENU (ID,NAME,ICON,URL,PERMISSION,TYPE,CAN_SHOW,CREATE_TIME,CREATE_USER_ID,UPDATE_TIME,UPDATE_USER_ID,SHOW_ORDER,PID,SORT) values ('45465120343592960','缓存管理',null,'/kpi/cache/manage/cacheManageInit',null,0,1,null,null,null,'0',null,'44046718035038208',4);
Insert into FZZLKPIV2.KPI_PERMISSION_MENU (ID,NAME,ICON,URL,PERMISSION,TYPE,CAN_SHOW,CREATE_TIME,CREATE_USER_ID,UPDATE_TIME,UPDATE_USER_ID,SHOW_ORDER,PID,SORT) values ('44047180863901696','角色管理',null,'/kpi/permission/role/index',null,0,1,null,null,null,'0',null,'44046718035038208',2);
Insert into FZZLKPIV2.KPI_PERMISSION_MENU (ID,NAME,ICON,URL,PERMISSION,TYPE,CAN_SHOW,CREATE_TIME,CREATE_USER_ID,UPDATE_TIME,UPDATE_USER_ID,SHOW_ORDER,PID,SORT) values ('44046718035038208','权限管理',null,'/kpi/permission',null,0,1,null,'0',null,null,null,'0',1);
Insert into FZZLKPIV2.KPI_PERMISSION_MENU (ID,NAME,ICON,URL,PERMISSION,TYPE,CAN_SHOW,CREATE_TIME,CREATE_USER_ID,UPDATE_TIME,UPDATE_USER_ID,SHOW_ORDER,PID,SORT) values ('44047051603841024','菜单管理',null,'/kpi/permission/menu/index',null,0,1,null,'0',null,null,null,'44046718035038208',1);
Insert into FZZLKPIV2.KPI_PERMISSION_MENU (ID,NAME,ICON,URL,PERMISSION,TYPE,CAN_SHOW,CREATE_TIME,CREATE_USER_ID,UPDATE_TIME,UPDATE_USER_ID,SHOW_ORDER,PID,SORT) values ('45498911820877824','指标科目管理',null,'/kpi/indicator/kpiIndicatorInit','kpi:indicator:view',1,0,null,null,null,'201810151136030953',null,'45077113979539456',2);
Insert into FZZLKPIV2.KPI_PERMISSION_MENU (ID,NAME,ICON,URL,PERMISSION,TYPE,CAN_SHOW,CREATE_TIME,CREATE_USER_ID,UPDATE_TIME,UPDATE_USER_ID,SHOW_ORDER,PID,SORT) values ('45499147633037312','指标分类管理',null,'/kpi/indicator/kpiIndicatorManagerInit','indicator:manager:view',1,0,null,null,null,'201712041759080993',null,'45077113979539456',1);
REM INSERTING into FZZLKPIV2.KPI_PERMISSION_ROLE
SET DEFINE OFF;
Insert into FZZLKPIV2.KPI_PERMISSION_ROLE (ID,NAME,CREATE_TIME,CREATE_USER_ID,UPDATE_TIME,UPDATE_USER_ID) values ('46976724449103872','超级管理员',null,'0',null,null);
Insert into FZZLKPIV2.KPI_PERMISSION_ROLE (ID,NAME,CREATE_TIME,CREATE_USER_ID,UPDATE_TIME,UPDATE_USER_ID) values ('44056498464100352','6,7,8,9,10',null,null,null,'0');
Insert into FZZLKPIV2.KPI_PERMISSION_ROLE (ID,NAME,CREATE_TIME,CREATE_USER_ID,UPDATE_TIME,UPDATE_USER_ID) values ('44094150097768448','0,1,2,3,4,5',null,null,null,'0');
REM INSERTING into FZZLKPIV2.KPI_PERMISSION_ROLE_MENU
SET DEFINE OFF;
Insert into FZZLKPIV2.KPI_PERMISSION_ROLE_MENU (ID,ROLE_ID,MENU_ID) values ('57529923039924224','44056498464100352','45077113979539456');
Insert into FZZLKPIV2.KPI_PERMISSION_ROLE_MENU (ID,ROLE_ID,MENU_ID) values ('57529923039924225','44056498464100352','45499147633037312');
Insert into FZZLKPIV2.KPI_PERMISSION_ROLE_MENU (ID,ROLE_ID,MENU_ID) values ('57529923039924226','44056498464100352','45142422207860736');
Insert into FZZLKPIV2.KPI_PERMISSION_ROLE_MENU (ID,ROLE_ID,MENU_ID) values ('57529923039924227','44056498464100352','45142532861988864');
Insert into FZZLKPIV2.KPI_PERMISSION_ROLE_MENU (ID,ROLE_ID,MENU_ID) values ('57529923039924228','44056498464100352','46655727288193024');
Insert into FZZLKPIV2.KPI_PERMISSION_ROLE_MENU (ID,ROLE_ID,MENU_ID) values ('57529923039924229','44056498464100352','46656162153631744');
Insert into FZZLKPIV2.KPI_PERMISSION_ROLE_MENU (ID,ROLE_ID,MENU_ID) values ('57529923039924230','44056498464100352','45498911820877824');
Insert into FZZLKPIV2.KPI_PERMISSION_ROLE_MENU (ID,ROLE_ID,MENU_ID) values ('57529923039924231','44056498464100352','46241195944316928');
Insert into FZZLKPIV2.KPI_PERMISSION_ROLE_MENU (ID,ROLE_ID,MENU_ID) values ('57529923039924232','44056498464100352','46241524802916352');
Insert into FZZLKPIV2.KPI_PERMISSION_ROLE_MENU (ID,ROLE_ID,MENU_ID) values ('57529923039924233','44056498464100352','46241750963982336');
Insert into FZZLKPIV2.KPI_PERMISSION_ROLE_MENU (ID,ROLE_ID,MENU_ID) values ('57529923039924234','44056498464100352','46635765844676608');
Insert into FZZLKPIV2.KPI_PERMISSION_ROLE_MENU (ID,ROLE_ID,MENU_ID) values ('57529923039924235','44056498464100352','46637219057766400');
Insert into FZZLKPIV2.KPI_PERMISSION_ROLE_MENU (ID,ROLE_ID,MENU_ID) values ('57529923039924236','44056498464100352','46637507009318912');
Insert into FZZLKPIV2.KPI_PERMISSION_ROLE_MENU (ID,ROLE_ID,MENU_ID) values ('57529923039924237','44056498464100352','46638071638134784');
Insert into FZZLKPIV2.KPI_PERMISSION_ROLE_MENU (ID,ROLE_ID,MENU_ID) values ('57529923039924238','44056498464100352','44150264445276160');
Insert into FZZLKPIV2.KPI_PERMISSION_ROLE_MENU (ID,ROLE_ID,MENU_ID) values ('57529923039924239','44056498464100352','46967878301257728');
Insert into FZZLKPIV2.KPI_PERMISSION_ROLE_MENU (ID,ROLE_ID,MENU_ID) values ('57529923039924240','44056498464100352','46983068799471616');
Insert into FZZLKPIV2.KPI_PERMISSION_ROLE_MENU (ID,ROLE_ID,MENU_ID) values ('57529923039924241','44056498464100352','44150336012685312');
Insert into FZZLKPIV2.KPI_PERMISSION_ROLE_MENU (ID,ROLE_ID,MENU_ID) values ('46976724528795648','46976724449103872','44046718035038208');
Insert into FZZLKPIV2.KPI_PERMISSION_ROLE_MENU (ID,ROLE_ID,MENU_ID) values ('46976724528795649','46976724449103872','44047051603841024');
Insert into FZZLKPIV2.KPI_PERMISSION_ROLE_MENU (ID,ROLE_ID,MENU_ID) values ('46976724528795650','46976724449103872','44060634790236160');
Insert into FZZLKPIV2.KPI_PERMISSION_ROLE_MENU (ID,ROLE_ID,MENU_ID) values ('46976724528795651','46976724449103872','44060804353363968');
Insert into FZZLKPIV2.KPI_PERMISSION_ROLE_MENU (ID,ROLE_ID,MENU_ID) values ('46976724528795652','46976724449103872','44060938524954624');
Insert into FZZLKPIV2.KPI_PERMISSION_ROLE_MENU (ID,ROLE_ID,MENU_ID) values ('46976724528795653','46976724449103872','44047180863901696');
Insert into FZZLKPIV2.KPI_PERMISSION_ROLE_MENU (ID,ROLE_ID,MENU_ID) values ('46976724528795654','46976724449103872','44061301185449984');
Insert into FZZLKPIV2.KPI_PERMISSION_ROLE_MENU (ID,ROLE_ID,MENU_ID) values ('46976724528795655','46976724449103872','44061487798423552');
Insert into FZZLKPIV2.KPI_PERMISSION_ROLE_MENU (ID,ROLE_ID,MENU_ID) values ('46976724528795656','46976724449103872','44061687581511680');
Insert into FZZLKPIV2.KPI_PERMISSION_ROLE_MENU (ID,ROLE_ID,MENU_ID) values ('46976724528795657','46976724449103872','44084735114219520');
Insert into FZZLKPIV2.KPI_PERMISSION_ROLE_MENU (ID,ROLE_ID,MENU_ID) values ('46976724528795658','46976724449103872','45465120343592960');
Insert into FZZLKPIV2.KPI_PERMISSION_ROLE_MENU (ID,ROLE_ID,MENU_ID) values ('46976724528795659','46976724449103872','45077113979539456');
Insert into FZZLKPIV2.KPI_PERMISSION_ROLE_MENU (ID,ROLE_ID,MENU_ID) values ('46976724528795660','46976724449103872','45499147633037312');
Insert into FZZLKPIV2.KPI_PERMISSION_ROLE_MENU (ID,ROLE_ID,MENU_ID) values ('46976724528795661','46976724449103872','45142422207860736');
Insert into FZZLKPIV2.KPI_PERMISSION_ROLE_MENU (ID,ROLE_ID,MENU_ID) values ('46976724528795662','46976724449103872','45142532861988864');
Insert into FZZLKPIV2.KPI_PERMISSION_ROLE_MENU (ID,ROLE_ID,MENU_ID) values ('46976724528795663','46976724449103872','46655727288193024');
Insert into FZZLKPIV2.KPI_PERMISSION_ROLE_MENU (ID,ROLE_ID,MENU_ID) values ('46976724528795664','46976724449103872','46656162153631744');
Insert into FZZLKPIV2.KPI_PERMISSION_ROLE_MENU (ID,ROLE_ID,MENU_ID) values ('46976724528795665','46976724449103872','45498911820877824');
Insert into FZZLKPIV2.KPI_PERMISSION_ROLE_MENU (ID,ROLE_ID,MENU_ID) values ('46976724528795666','46976724449103872','46241195944316928');
Insert into FZZLKPIV2.KPI_PERMISSION_ROLE_MENU (ID,ROLE_ID,MENU_ID) values ('46976724528795667','46976724449103872','46241380263006208');
Insert into FZZLKPIV2.KPI_PERMISSION_ROLE_MENU (ID,ROLE_ID,MENU_ID) values ('46976724528795668','46976724449103872','46241524802916352');
Insert into FZZLKPIV2.KPI_PERMISSION_ROLE_MENU (ID,ROLE_ID,MENU_ID) values ('46976724528795669','46976724449103872','46241646462898176');
Insert into FZZLKPIV2.KPI_PERMISSION_ROLE_MENU (ID,ROLE_ID,MENU_ID) values ('46976724528795670','46976724449103872','46241750963982336');
Insert into FZZLKPIV2.KPI_PERMISSION_ROLE_MENU (ID,ROLE_ID,MENU_ID) values ('46976724528795671','46976724449103872','46635765844676608');
Insert into FZZLKPIV2.KPI_PERMISSION_ROLE_MENU (ID,ROLE_ID,MENU_ID) values ('46976724528795672','46976724449103872','46637219057766400');
Insert into FZZLKPIV2.KPI_PERMISSION_ROLE_MENU (ID,ROLE_ID,MENU_ID) values ('46976724528795673','46976724449103872','46637507009318912');
Insert into FZZLKPIV2.KPI_PERMISSION_ROLE_MENU (ID,ROLE_ID,MENU_ID) values ('46976724528795674','46976724449103872','46638071638134784');
Insert into FZZLKPIV2.KPI_PERMISSION_ROLE_MENU (ID,ROLE_ID,MENU_ID) values ('46976724528795675','46976724449103872','44150264445276160');
Insert into FZZLKPIV2.KPI_PERMISSION_ROLE_MENU (ID,ROLE_ID,MENU_ID) values ('46976724528795676','46976724449103872','46967878301257728');
Insert into FZZLKPIV2.KPI_PERMISSION_ROLE_MENU (ID,ROLE_ID,MENU_ID) values ('46976724528795677','46976724449103872','44150336012685312');
Insert into FZZLKPIV2.KPI_PERMISSION_ROLE_MENU (ID,ROLE_ID,MENU_ID) values ('46976724528795678','46976724449103872','44150401531908096');
Insert into FZZLKPIV2.KPI_PERMISSION_ROLE_MENU (ID,ROLE_ID,MENU_ID) values ('46983120108392448','44094150097768448','44150264445276160');
Insert into FZZLKPIV2.KPI_PERMISSION_ROLE_MENU (ID,ROLE_ID,MENU_ID) values ('46983120108392449','44094150097768448','46983068799471616');
Insert into FZZLKPIV2.KPI_PERMISSION_ROLE_MENU (ID,ROLE_ID,MENU_ID) values ('46983120108392450','44094150097768448','46967878301257728');
REM INSERTING into FZZLKPIV2.KPI_PERMISSION_USER_ROLE
SET DEFINE OFF;
Insert into FZZLKPIV2.KPI_PERMISSION_USER_ROLE (ID,USER_ID,KPI_ROLE_ID) values ('47728852805357568','201807160954300285','44094150097768448');
Insert into FZZLKPIV2.KPI_PERMISSION_USER_ROLE (ID,USER_ID,KPI_ROLE_ID) values ('46626136993566720','1','44094150097768448');
Insert into FZZLKPIV2.KPI_PERMISSION_USER_ROLE (ID,USER_ID,KPI_ROLE_ID) values ('46626136993566721','2','44094150097768448');
Insert into FZZLKPIV2.KPI_PERMISSION_USER_ROLE (ID,USER_ID,KPI_ROLE_ID) values ('46626136993566722','200810211819550125','44094150097768448');
Insert into FZZLKPIV2.KPI_PERMISSION_USER_ROLE (ID,USER_ID,KPI_ROLE_ID) values ('47289481388101632','201907291127320212','44094150097768448');
REM INSERTING into FZZLKPIV2.KPI_RESULT
SET DEFINE OFF;
Insert into FZZLKPIV2.KPI_RESULT (ID,INDICATOR_TEMPLATE_ID,INDICATOR_TEMPLATE_NAME,INDICATOR_TEMPLATE_MEMO,DEP_ID,POSITION_ID,KPI_LEVEL_ID,EXECUTOR_USER_ID,EXECUTOR_USER_NAME,MONTH,PERSON_TOTAL_SCORE,PERSON_TEMPLATE_TOTAL_SCORE,CREATE_USER_ID,CREATE_TIME,UPDATE_USER_ID,UPDATE_TIME) values ('111111111111111','111111111111111','培训部P级人员考核模板','培训部P级人员考核模板',603,1030035897,0,'201904291504250189','董亚隆',201911,0,0,'0',null,'0',null);
Insert into FZZLKPIV2.KPI_RESULT (ID,INDICATOR_TEMPLATE_ID,INDICATOR_TEMPLATE_NAME,INDICATOR_TEMPLATE_MEMO,DEP_ID,POSITION_ID,KPI_LEVEL_ID,EXECUTOR_USER_ID,EXECUTOR_USER_NAME,MONTH,PERSON_TOTAL_SCORE,PERSON_TEMPLATE_TOTAL_SCORE,CREATE_USER_ID,CREATE_TIME,UPDATE_USER_ID,UPDATE_TIME) values ('111111111111112','111111111111111','培训部P级人员考核模板','培训部P级人员考核模板',603,1030035897,0,'201907221620570259','路腾云',201911,0,0,'0',null,'0',null);
Insert into FZZLKPIV2.KPI_RESULT (ID,INDICATOR_TEMPLATE_ID,INDICATOR_TEMPLATE_NAME,INDICATOR_TEMPLATE_MEMO,DEP_ID,POSITION_ID,KPI_LEVEL_ID,EXECUTOR_USER_ID,EXECUTOR_USER_NAME,MONTH,PERSON_TOTAL_SCORE,PERSON_TEMPLATE_TOTAL_SCORE,CREATE_USER_ID,CREATE_TIME,UPDATE_USER_ID,UPDATE_TIME) values ('58620743591661569','58611267241250816','勇哥测试模板','勇哥测试模板',1030000108,1030035832,2,'201810151136030953','章勇',201911,100,100,'0',null,'0',null);
Insert into FZZLKPIV2.KPI_RESULT (ID,INDICATOR_TEMPLATE_ID,INDICATOR_TEMPLATE_NAME,INDICATOR_TEMPLATE_MEMO,DEP_ID,POSITION_ID,KPI_LEVEL_ID,EXECUTOR_USER_ID,EXECUTOR_USER_NAME,MONTH,PERSON_TOTAL_SCORE,PERSON_TEMPLATE_TOTAL_SCORE,CREATE_USER_ID,CREATE_TIME,UPDATE_USER_ID,UPDATE_TIME) values ('58597530128093185','58240570786582528','技术部测试模板-one','技术部测试模板',1030000108,1030044442,0,'201907291127320212','朱秀权',201911,50,50,'0',null,'0',null);
Insert into FZZLKPIV2.KPI_RESULT (ID,INDICATOR_TEMPLATE_ID,INDICATOR_TEMPLATE_NAME,INDICATOR_TEMPLATE_MEMO,DEP_ID,POSITION_ID,KPI_LEVEL_ID,EXECUTOR_USER_ID,EXECUTOR_USER_NAME,MONTH,PERSON_TOTAL_SCORE,PERSON_TEMPLATE_TOTAL_SCORE,CREATE_USER_ID,CREATE_TIME,UPDATE_USER_ID,UPDATE_TIME) values ('58601429648019459','58601429413138432','it部开发考核模板','it部开发考核模板',1030000108,1030044216,2,'201707241130460138','檀宇',201911,0,0,'0',null,'0',null);
Insert into FZZLKPIV2.KPI_RESULT (ID,INDICATOR_TEMPLATE_ID,INDICATOR_TEMPLATE_NAME,INDICATOR_TEMPLATE_MEMO,DEP_ID,POSITION_ID,KPI_LEVEL_ID,EXECUTOR_USER_ID,EXECUTOR_USER_NAME,MONTH,PERSON_TOTAL_SCORE,PERSON_TEMPLATE_TOTAL_SCORE,CREATE_USER_ID,CREATE_TIME,UPDATE_USER_ID,UPDATE_TIME) values ('58601429648019461','58601429413138432','it部开发考核模板','it部开发考核模板',1030000108,1030044216,2,'201810151136030953','章勇',201911,0,0,'0',null,'0',null);
Insert into FZZLKPIV2.KPI_RESULT (ID,INDICATOR_TEMPLATE_ID,INDICATOR_TEMPLATE_NAME,INDICATOR_TEMPLATE_MEMO,DEP_ID,POSITION_ID,KPI_LEVEL_ID,EXECUTOR_USER_ID,EXECUTOR_USER_NAME,MONTH,PERSON_TOTAL_SCORE,PERSON_TEMPLATE_TOTAL_SCORE,CREATE_USER_ID,CREATE_TIME,UPDATE_USER_ID,UPDATE_TIME) values ('58616402533158912','58249365369655296','技术部测试考核模板2','技术部测试考核模板2',1030000108,1030044444,6,'201712041759080993','曾婷',201911,0,0,'0',null,'0',null);
Insert into FZZLKPIV2.KPI_RESULT (ID,INDICATOR_TEMPLATE_ID,INDICATOR_TEMPLATE_NAME,INDICATOR_TEMPLATE_MEMO,DEP_ID,POSITION_ID,KPI_LEVEL_ID,EXECUTOR_USER_ID,EXECUTOR_USER_NAME,MONTH,PERSON_TOTAL_SCORE,PERSON_TEMPLATE_TOTAL_SCORE,CREATE_USER_ID,CREATE_TIME,UPDATE_USER_ID,UPDATE_TIME) values ('58615658492989443','58516917819805696','技术部测试考核模板5','技术部测试考核模板5',1030000108,1030044443,2,'201809191016050144','余琳',201911,30,30,'0',null,'0',null);
REM INSERTING into FZZLKPIV2.KPI_RESULT_DETAIL
SET DEFINE OFF;
Insert into FZZLKPIV2.KPI_RESULT_DETAIL (ID,KPI_RESULT_ID,INDICATOR_TEMPLATE_ID,INDICATOR_TEMPLATE_NAME,INDICATOR_TEMPLATE_MEMO,DEP_ID,POSITION_ID,KPI_LEVEL_ID,INDICATOR_CATEGORY_ID,INDICATOR_CATEGORY_NAME,INDICATOR_CATEGORY_WEIGHT,INDICATOR_CATEGORY_S_TYPE_ID,INDICATOR_CATEGORY_IS_UPPER_L,INDICATOR_ID,INDICATOR_NAME,INDICATOR_MEMO,INDICATOR_UNIT,INDICATOR_UNIT_SCORE,EXECUTOR_USER_ID,MONTH,COMPLETE_AMOUNT,COMPLETE_SCORE,DATA_GATHER_TYPE_ID,CREATE_USER_ID,CREATE_TIME,UPDATE_USER_ID,UPDATE_TIME) values ('111111111111112','111111111111111','111111111111111','培训部P级人员考核模板','培训部P级人员考核模板',603,1030035897,0,111111111111112,'被动工作',30,109,5,'111111111111112','培训新员工行业概况前景；社保知识（五险构成、上海社保的优劣，社保漏缴处罚法规）','培训新员工行业概况前景；社保知识（五险构成、上海社保的优劣，社保漏缴处罚法规）','次',10,'201904291504250189',201911,0,0,1,'0',null,'0',null);
Insert into FZZLKPIV2.KPI_RESULT_DETAIL (ID,KPI_RESULT_ID,INDICATOR_TEMPLATE_ID,INDICATOR_TEMPLATE_NAME,INDICATOR_TEMPLATE_MEMO,DEP_ID,POSITION_ID,KPI_LEVEL_ID,INDICATOR_CATEGORY_ID,INDICATOR_CATEGORY_NAME,INDICATOR_CATEGORY_WEIGHT,INDICATOR_CATEGORY_S_TYPE_ID,INDICATOR_CATEGORY_IS_UPPER_L,INDICATOR_ID,INDICATOR_NAME,INDICATOR_MEMO,INDICATOR_UNIT,INDICATOR_UNIT_SCORE,EXECUTOR_USER_ID,MONTH,COMPLETE_AMOUNT,COMPLETE_SCORE,DATA_GATHER_TYPE_ID,CREATE_USER_ID,CREATE_TIME,UPDATE_USER_ID,UPDATE_TIME) values ('111111111111113','111111111111111','111111111111111','培训部P级人员考核模板','培训部P级人员考核模板',603,1030035897,0,111111111111112,'被动工作',30,109,5,'111111111111113','培训新员工熟悉业务知识（价格、险种）工伤赔偿标准、险种赔付流程及后续','培训新员工熟悉业务知识（价格、险种）工伤赔偿标准、险种赔付流程及后续','次',5,'201904291504250189',201911,0,0,1,'0',null,'0',null);
Insert into FZZLKPIV2.KPI_RESULT_DETAIL (ID,KPI_RESULT_ID,INDICATOR_TEMPLATE_ID,INDICATOR_TEMPLATE_NAME,INDICATOR_TEMPLATE_MEMO,DEP_ID,POSITION_ID,KPI_LEVEL_ID,INDICATOR_CATEGORY_ID,INDICATOR_CATEGORY_NAME,INDICATOR_CATEGORY_WEIGHT,INDICATOR_CATEGORY_S_TYPE_ID,INDICATOR_CATEGORY_IS_UPPER_L,INDICATOR_ID,INDICATOR_NAME,INDICATOR_MEMO,INDICATOR_UNIT,INDICATOR_UNIT_SCORE,EXECUTOR_USER_ID,MONTH,COMPLETE_AMOUNT,COMPLETE_SCORE,DATA_GATHER_TYPE_ID,CREATE_USER_ID,CREATE_TIME,UPDATE_USER_ID,UPDATE_TIME) values ('111111111111114','111111111111111','111111111111111','培训部P级人员考核模板','培训部P级人员考核模板',603,1030035897,0,111111111111112,'被动工作',30,109,5,'111111111111114','培训新员工工伤赔偿标准、我司雇主责任险赔付流程及后续员工关系处理','培训新员工工伤赔偿标准、我司雇主责任险赔付流程及后续员工关系处理','次',5,'201904291504250189',201911,0,0,1,'0',null,'0',null);
Insert into FZZLKPIV2.KPI_RESULT_DETAIL (ID,KPI_RESULT_ID,INDICATOR_TEMPLATE_ID,INDICATOR_TEMPLATE_NAME,INDICATOR_TEMPLATE_MEMO,DEP_ID,POSITION_ID,KPI_LEVEL_ID,INDICATOR_CATEGORY_ID,INDICATOR_CATEGORY_NAME,INDICATOR_CATEGORY_WEIGHT,INDICATOR_CATEGORY_S_TYPE_ID,INDICATOR_CATEGORY_IS_UPPER_L,INDICATOR_ID,INDICATOR_NAME,INDICATOR_MEMO,INDICATOR_UNIT,INDICATOR_UNIT_SCORE,EXECUTOR_USER_ID,MONTH,COMPLETE_AMOUNT,COMPLETE_SCORE,DATA_GATHER_TYPE_ID,CREATE_USER_ID,CREATE_TIME,UPDATE_USER_ID,UPDATE_TIME) values ('111111111111115','111111111111111','111111111111111','培训部P级人员考核模板','培训部P级人员考核模板',603,1030035897,0,111111111111112,'被动工作',30,109,5,'111111111111115','培训电销过程中高频次问题答疑','培训电销过程中高频次问题答疑','次',5,'201904291504250189',201911,0,0,1,'0',null,'0',null);
Insert into FZZLKPIV2.KPI_RESULT_DETAIL (ID,KPI_RESULT_ID,INDICATOR_TEMPLATE_ID,INDICATOR_TEMPLATE_NAME,INDICATOR_TEMPLATE_MEMO,DEP_ID,POSITION_ID,KPI_LEVEL_ID,INDICATOR_CATEGORY_ID,INDICATOR_CATEGORY_NAME,INDICATOR_CATEGORY_WEIGHT,INDICATOR_CATEGORY_S_TYPE_ID,INDICATOR_CATEGORY_IS_UPPER_L,INDICATOR_ID,INDICATOR_NAME,INDICATOR_MEMO,INDICATOR_UNIT,INDICATOR_UNIT_SCORE,EXECUTOR_USER_ID,MONTH,COMPLETE_AMOUNT,COMPLETE_SCORE,DATA_GATHER_TYPE_ID,CREATE_USER_ID,CREATE_TIME,UPDATE_USER_ID,UPDATE_TIME) values ('111111111111116','111111111111111','111111111111111','培训部P级人员考核模板','培训部P级人员考核模板',603,1030035897,0,111111111111111,'主动工作',70,109,5,'111111111111116','模拟实战演练','模拟实战演练','次',5,'201904291504250189',201911,0,0,1,'0',null,'0',null);
Insert into FZZLKPIV2.KPI_RESULT_DETAIL (ID,KPI_RESULT_ID,INDICATOR_TEMPLATE_ID,INDICATOR_TEMPLATE_NAME,INDICATOR_TEMPLATE_MEMO,DEP_ID,POSITION_ID,KPI_LEVEL_ID,INDICATOR_CATEGORY_ID,INDICATOR_CATEGORY_NAME,INDICATOR_CATEGORY_WEIGHT,INDICATOR_CATEGORY_S_TYPE_ID,INDICATOR_CATEGORY_IS_UPPER_L,INDICATOR_ID,INDICATOR_NAME,INDICATOR_MEMO,INDICATOR_UNIT,INDICATOR_UNIT_SCORE,EXECUTOR_USER_ID,MONTH,COMPLETE_AMOUNT,COMPLETE_SCORE,DATA_GATHER_TYPE_ID,CREATE_USER_ID,CREATE_TIME,UPDATE_USER_ID,UPDATE_TIME) values ('111111111111117','111111111111111','111111111111111','培训部P级人员考核模板','培训部P级人员考核模板',603,1030035897,0,111111111111111,'主动工作',70,109,5,'111111111111117','职业道德测评问卷测试','职业道德测评问卷测试','次',5,'201904291504250189',201911,0,0,1,'0',null,'0',null);
Insert into FZZLKPIV2.KPI_RESULT_DETAIL (ID,KPI_RESULT_ID,INDICATOR_TEMPLATE_ID,INDICATOR_TEMPLATE_NAME,INDICATOR_TEMPLATE_MEMO,DEP_ID,POSITION_ID,KPI_LEVEL_ID,INDICATOR_CATEGORY_ID,INDICATOR_CATEGORY_NAME,INDICATOR_CATEGORY_WEIGHT,INDICATOR_CATEGORY_S_TYPE_ID,INDICATOR_CATEGORY_IS_UPPER_L,INDICATOR_ID,INDICATOR_NAME,INDICATOR_MEMO,INDICATOR_UNIT,INDICATOR_UNIT_SCORE,EXECUTOR_USER_ID,MONTH,COMPLETE_AMOUNT,COMPLETE_SCORE,DATA_GATHER_TYPE_ID,CREATE_USER_ID,CREATE_TIME,UPDATE_USER_ID,UPDATE_TIME) values ('111111111111118','111111111111111','111111111111111','培训部P级人员考核模板','培训部P级人员考核模板',603,1030035897,0,111111111111111,'主动工作',70,109,5,'111111111111118','课件需求调研采集，每月初第一周进行需求采集，到各部门进行沟通','课件需求调研采集，每月初第一周进行需求采集，到各部门进行沟通','次',5,'201904291504250189',201911,0,0,1,'0',null,'0',null);
Insert into FZZLKPIV2.KPI_RESULT_DETAIL (ID,KPI_RESULT_ID,INDICATOR_TEMPLATE_ID,INDICATOR_TEMPLATE_NAME,INDICATOR_TEMPLATE_MEMO,DEP_ID,POSITION_ID,KPI_LEVEL_ID,INDICATOR_CATEGORY_ID,INDICATOR_CATEGORY_NAME,INDICATOR_CATEGORY_WEIGHT,INDICATOR_CATEGORY_S_TYPE_ID,INDICATOR_CATEGORY_IS_UPPER_L,INDICATOR_ID,INDICATOR_NAME,INDICATOR_MEMO,INDICATOR_UNIT,INDICATOR_UNIT_SCORE,EXECUTOR_USER_ID,MONTH,COMPLETE_AMOUNT,COMPLETE_SCORE,DATA_GATHER_TYPE_ID,CREATE_USER_ID,CREATE_TIME,UPDATE_USER_ID,UPDATE_TIME) values ('111111111111119','111111111111111','111111111111111','培训部P级人员考核模板','培训部P级人员考核模板',603,1030035897,0,111111111111111,'主动工作',70,109,5,'111111111111119','课件研发思路构思制作大纲','课件研发思路构思制作大纲','次',5,'201904291504250189',201911,0,0,1,'0',null,'0',null);
Insert into FZZLKPIV2.KPI_RESULT_DETAIL (ID,KPI_RESULT_ID,INDICATOR_TEMPLATE_ID,INDICATOR_TEMPLATE_NAME,INDICATOR_TEMPLATE_MEMO,DEP_ID,POSITION_ID,KPI_LEVEL_ID,INDICATOR_CATEGORY_ID,INDICATOR_CATEGORY_NAME,INDICATOR_CATEGORY_WEIGHT,INDICATOR_CATEGORY_S_TYPE_ID,INDICATOR_CATEGORY_IS_UPPER_L,INDICATOR_ID,INDICATOR_NAME,INDICATOR_MEMO,INDICATOR_UNIT,INDICATOR_UNIT_SCORE,EXECUTOR_USER_ID,MONTH,COMPLETE_AMOUNT,COMPLETE_SCORE,DATA_GATHER_TYPE_ID,CREATE_USER_ID,CREATE_TIME,UPDATE_USER_ID,UPDATE_TIME) values ('111111111111120','111111111111111','111111111111111','培训部P级人员考核模板','培训部P级人员考核模板',603,1030035897,0,111111111111111,'主动工作',70,109,5,'111111111111120','课件所需材料的收集整理','课件所需材料的收集整理','次',5,'201904291504250189',201911,0,0,1,'0',null,'0',null);
Insert into FZZLKPIV2.KPI_RESULT_DETAIL (ID,KPI_RESULT_ID,INDICATOR_TEMPLATE_ID,INDICATOR_TEMPLATE_NAME,INDICATOR_TEMPLATE_MEMO,DEP_ID,POSITION_ID,KPI_LEVEL_ID,INDICATOR_CATEGORY_ID,INDICATOR_CATEGORY_NAME,INDICATOR_CATEGORY_WEIGHT,INDICATOR_CATEGORY_S_TYPE_ID,INDICATOR_CATEGORY_IS_UPPER_L,INDICATOR_ID,INDICATOR_NAME,INDICATOR_MEMO,INDICATOR_UNIT,INDICATOR_UNIT_SCORE,EXECUTOR_USER_ID,MONTH,COMPLETE_AMOUNT,COMPLETE_SCORE,DATA_GATHER_TYPE_ID,CREATE_USER_ID,CREATE_TIME,UPDATE_USER_ID,UPDATE_TIME) values ('111111111111121','111111111111111','111111111111111','培训部P级人员考核模板','培训部P级人员考核模板',603,1030035897,0,111111111111111,'主动工作',70,109,5,'111111111111121','课件主体的构建，排版','课件主体的构建，排版','次',5,'201904291504250189',201911,0,0,1,'0',null,'0',null);
Insert into FZZLKPIV2.KPI_RESULT_DETAIL (ID,KPI_RESULT_ID,INDICATOR_TEMPLATE_ID,INDICATOR_TEMPLATE_NAME,INDICATOR_TEMPLATE_MEMO,DEP_ID,POSITION_ID,KPI_LEVEL_ID,INDICATOR_CATEGORY_ID,INDICATOR_CATEGORY_NAME,INDICATOR_CATEGORY_WEIGHT,INDICATOR_CATEGORY_S_TYPE_ID,INDICATOR_CATEGORY_IS_UPPER_L,INDICATOR_ID,INDICATOR_NAME,INDICATOR_MEMO,INDICATOR_UNIT,INDICATOR_UNIT_SCORE,EXECUTOR_USER_ID,MONTH,COMPLETE_AMOUNT,COMPLETE_SCORE,DATA_GATHER_TYPE_ID,CREATE_USER_ID,CREATE_TIME,UPDATE_USER_ID,UPDATE_TIME) values ('111111111111122','111111111111111','111111111111111','培训部P级人员考核模板','培训部P级人员考核模板',603,1030035897,0,111111111111111,'主动工作',70,109,5,'111111111111122','课件的设计美化','课件的设计美化','次',5,'201904291504250189',201911,0,0,1,'0',null,'0',null);
Insert into FZZLKPIV2.KPI_RESULT_DETAIL (ID,KPI_RESULT_ID,INDICATOR_TEMPLATE_ID,INDICATOR_TEMPLATE_NAME,INDICATOR_TEMPLATE_MEMO,DEP_ID,POSITION_ID,KPI_LEVEL_ID,INDICATOR_CATEGORY_ID,INDICATOR_CATEGORY_NAME,INDICATOR_CATEGORY_WEIGHT,INDICATOR_CATEGORY_S_TYPE_ID,INDICATOR_CATEGORY_IS_UPPER_L,INDICATOR_ID,INDICATOR_NAME,INDICATOR_MEMO,INDICATOR_UNIT,INDICATOR_UNIT_SCORE,EXECUTOR_USER_ID,MONTH,COMPLETE_AMOUNT,COMPLETE_SCORE,DATA_GATHER_TYPE_ID,CREATE_USER_ID,CREATE_TIME,UPDATE_USER_ID,UPDATE_TIME) values ('111111111111123','111111111111111','111111111111111','培训部P级人员考核模板','培训部P级人员考核模板',603,1030035897,0,111111111111111,'主动工作',70,109,5,'111111111111123','检查是否有错误，查漏补缺','检查是否有错误，查漏补缺','次',5,'201904291504250189',201911,0,0,1,'0',null,'0',null);
Insert into FZZLKPIV2.KPI_RESULT_DETAIL (ID,KPI_RESULT_ID,INDICATOR_TEMPLATE_ID,INDICATOR_TEMPLATE_NAME,INDICATOR_TEMPLATE_MEMO,DEP_ID,POSITION_ID,KPI_LEVEL_ID,INDICATOR_CATEGORY_ID,INDICATOR_CATEGORY_NAME,INDICATOR_CATEGORY_WEIGHT,INDICATOR_CATEGORY_S_TYPE_ID,INDICATOR_CATEGORY_IS_UPPER_L,INDICATOR_ID,INDICATOR_NAME,INDICATOR_MEMO,INDICATOR_UNIT,INDICATOR_UNIT_SCORE,EXECUTOR_USER_ID,MONTH,COMPLETE_AMOUNT,COMPLETE_SCORE,DATA_GATHER_TYPE_ID,CREATE_USER_ID,CREATE_TIME,UPDATE_USER_ID,UPDATE_TIME) values ('111111111111124','111111111111111','111111111111111','培训部P级人员考核模板','培训部P级人员考核模板',603,1030035897,0,111111111111111,'主动工作',70,109,5,'111111111111124','组织沟通人员参与培训会，提前沟通通知，统计预计到场人数；提前预演演讲，确定思路描述','组织沟通人员参与培训会，提前沟通通知，统计预计到场人数；提前预演演讲，确定思路描述','次',7,'201904291504250189',201911,0,0,1,'0',null,'0',null);
Insert into FZZLKPIV2.KPI_RESULT_DETAIL (ID,KPI_RESULT_ID,INDICATOR_TEMPLATE_ID,INDICATOR_TEMPLATE_NAME,INDICATOR_TEMPLATE_MEMO,DEP_ID,POSITION_ID,KPI_LEVEL_ID,INDICATOR_CATEGORY_ID,INDICATOR_CATEGORY_NAME,INDICATOR_CATEGORY_WEIGHT,INDICATOR_CATEGORY_S_TYPE_ID,INDICATOR_CATEGORY_IS_UPPER_L,INDICATOR_ID,INDICATOR_NAME,INDICATOR_MEMO,INDICATOR_UNIT,INDICATOR_UNIT_SCORE,EXECUTOR_USER_ID,MONTH,COMPLETE_AMOUNT,COMPLETE_SCORE,DATA_GATHER_TYPE_ID,CREATE_USER_ID,CREATE_TIME,UPDATE_USER_ID,UPDATE_TIME) values ('111111111111125','111111111111111','111111111111111','培训部P级人员考核模板','培训部P级人员考核模板',603,1030035897,0,111111111111111,'主动工作',70,109,5,'111111111111125','提前预演演讲，确定思路描述','提前预演演讲，确定思路描述','次',8,'201904291504250189',201911,0,0,1,'0',null,'0',null);
Insert into FZZLKPIV2.KPI_RESULT_DETAIL (ID,KPI_RESULT_ID,INDICATOR_TEMPLATE_ID,INDICATOR_TEMPLATE_NAME,INDICATOR_TEMPLATE_MEMO,DEP_ID,POSITION_ID,KPI_LEVEL_ID,INDICATOR_CATEGORY_ID,INDICATOR_CATEGORY_NAME,INDICATOR_CATEGORY_WEIGHT,INDICATOR_CATEGORY_S_TYPE_ID,INDICATOR_CATEGORY_IS_UPPER_L,INDICATOR_ID,INDICATOR_NAME,INDICATOR_MEMO,INDICATOR_UNIT,INDICATOR_UNIT_SCORE,EXECUTOR_USER_ID,MONTH,COMPLETE_AMOUNT,COMPLETE_SCORE,DATA_GATHER_TYPE_ID,CREATE_USER_ID,CREATE_TIME,UPDATE_USER_ID,UPDATE_TIME) values ('111111111111126','111111111111111','111111111111111','培训部P级人员考核模板','培训部P级人员考核模板',603,1030035897,0,111111111111111,'主动工作',70,109,5,'111111111111126','进行集体培训演讲','进行集体培训演讲','次',10,'201904291504250189',201911,0,0,1,'0',null,'0',null);
Insert into FZZLKPIV2.KPI_RESULT_DETAIL (ID,KPI_RESULT_ID,INDICATOR_TEMPLATE_ID,INDICATOR_TEMPLATE_NAME,INDICATOR_TEMPLATE_MEMO,DEP_ID,POSITION_ID,KPI_LEVEL_ID,INDICATOR_CATEGORY_ID,INDICATOR_CATEGORY_NAME,INDICATOR_CATEGORY_WEIGHT,INDICATOR_CATEGORY_S_TYPE_ID,INDICATOR_CATEGORY_IS_UPPER_L,INDICATOR_ID,INDICATOR_NAME,INDICATOR_MEMO,INDICATOR_UNIT,INDICATOR_UNIT_SCORE,EXECUTOR_USER_ID,MONTH,COMPLETE_AMOUNT,COMPLETE_SCORE,DATA_GATHER_TYPE_ID,CREATE_USER_ID,CREATE_TIME,UPDATE_USER_ID,UPDATE_TIME) values ('111111111111127','111111111111111','111111111111111','培训部P级人员考核模板','培训部P级人员考核模板',603,1030035897,0,111111111111111,'主动工作',70,109,5,'111111111111127','培训后心得反馈的收集','培训后心得反馈的收集','次',5,'201904291504250189',201911,0,0,1,'0',null,'0',null);
Insert into FZZLKPIV2.KPI_RESULT_DETAIL (ID,KPI_RESULT_ID,INDICATOR_TEMPLATE_ID,INDICATOR_TEMPLATE_NAME,INDICATOR_TEMPLATE_MEMO,DEP_ID,POSITION_ID,KPI_LEVEL_ID,INDICATOR_CATEGORY_ID,INDICATOR_CATEGORY_NAME,INDICATOR_CATEGORY_WEIGHT,INDICATOR_CATEGORY_S_TYPE_ID,INDICATOR_CATEGORY_IS_UPPER_L,INDICATOR_ID,INDICATOR_NAME,INDICATOR_MEMO,INDICATOR_UNIT,INDICATOR_UNIT_SCORE,EXECUTOR_USER_ID,MONTH,COMPLETE_AMOUNT,COMPLETE_SCORE,DATA_GATHER_TYPE_ID,CREATE_USER_ID,CREATE_TIME,UPDATE_USER_ID,UPDATE_TIME) values ('111111111111111','111111111111111','111111111111111','培训部P级人员考核模板','培训部P级人员考核模板',603,1030035897,0,111111111111112,'被动工作',30,109,5,'111111111111111','培训新员工了解行业概况前景','培训新员工了解行业概况前景','次',5,'201904291504250189',201911,0,0,1,'0',null,'0',null);
Insert into FZZLKPIV2.KPI_RESULT_DETAIL (ID,KPI_RESULT_ID,INDICATOR_TEMPLATE_ID,INDICATOR_TEMPLATE_NAME,INDICATOR_TEMPLATE_MEMO,DEP_ID,POSITION_ID,KPI_LEVEL_ID,INDICATOR_CATEGORY_ID,INDICATOR_CATEGORY_NAME,INDICATOR_CATEGORY_WEIGHT,INDICATOR_CATEGORY_S_TYPE_ID,INDICATOR_CATEGORY_IS_UPPER_L,INDICATOR_ID,INDICATOR_NAME,INDICATOR_MEMO,INDICATOR_UNIT,INDICATOR_UNIT_SCORE,EXECUTOR_USER_ID,MONTH,COMPLETE_AMOUNT,COMPLETE_SCORE,DATA_GATHER_TYPE_ID,CREATE_USER_ID,CREATE_TIME,UPDATE_USER_ID,UPDATE_TIME) values ('111111111111128','111111111111112','111111111111111','培训部P级人员考核模板','培训部P级人员考核模板',603,1030035897,0,111111111111111,'主动工作',70,109,5,'111111111111122','课件的设计美化','课件的设计美化','次',5,'201907221620570259',201911,0,0,1,'0',null,'0',null);
Insert into FZZLKPIV2.KPI_RESULT_DETAIL (ID,KPI_RESULT_ID,INDICATOR_TEMPLATE_ID,INDICATOR_TEMPLATE_NAME,INDICATOR_TEMPLATE_MEMO,DEP_ID,POSITION_ID,KPI_LEVEL_ID,INDICATOR_CATEGORY_ID,INDICATOR_CATEGORY_NAME,INDICATOR_CATEGORY_WEIGHT,INDICATOR_CATEGORY_S_TYPE_ID,INDICATOR_CATEGORY_IS_UPPER_L,INDICATOR_ID,INDICATOR_NAME,INDICATOR_MEMO,INDICATOR_UNIT,INDICATOR_UNIT_SCORE,EXECUTOR_USER_ID,MONTH,COMPLETE_AMOUNT,COMPLETE_SCORE,DATA_GATHER_TYPE_ID,CREATE_USER_ID,CREATE_TIME,UPDATE_USER_ID,UPDATE_TIME) values ('111111111111129','111111111111112','111111111111111','培训部P级人员考核模板','培训部P级人员考核模板',603,1030035897,0,111111111111111,'主动工作',70,109,5,'111111111111123','检查是否有错误，查漏补缺','检查是否有错误，查漏补缺','次',5,'201907221620570259',201911,0,0,1,'0',null,'0',null);
Insert into FZZLKPIV2.KPI_RESULT_DETAIL (ID,KPI_RESULT_ID,INDICATOR_TEMPLATE_ID,INDICATOR_TEMPLATE_NAME,INDICATOR_TEMPLATE_MEMO,DEP_ID,POSITION_ID,KPI_LEVEL_ID,INDICATOR_CATEGORY_ID,INDICATOR_CATEGORY_NAME,INDICATOR_CATEGORY_WEIGHT,INDICATOR_CATEGORY_S_TYPE_ID,INDICATOR_CATEGORY_IS_UPPER_L,INDICATOR_ID,INDICATOR_NAME,INDICATOR_MEMO,INDICATOR_UNIT,INDICATOR_UNIT_SCORE,EXECUTOR_USER_ID,MONTH,COMPLETE_AMOUNT,COMPLETE_SCORE,DATA_GATHER_TYPE_ID,CREATE_USER_ID,CREATE_TIME,UPDATE_USER_ID,UPDATE_TIME) values ('111111111111144','111111111111112','111111111111111','培训部P级人员考核模板','培训部P级人员考核模板',603,1030035897,0,111111111111111,'主动工作',70,109,5,'111111111111120','课件所需材料的收集整理','课件所需材料的收集整理','次',5,'201907221620570259',201911,0,0,1,'0',null,'0',null);
Insert into FZZLKPIV2.KPI_RESULT_DETAIL (ID,KPI_RESULT_ID,INDICATOR_TEMPLATE_ID,INDICATOR_TEMPLATE_NAME,INDICATOR_TEMPLATE_MEMO,DEP_ID,POSITION_ID,KPI_LEVEL_ID,INDICATOR_CATEGORY_ID,INDICATOR_CATEGORY_NAME,INDICATOR_CATEGORY_WEIGHT,INDICATOR_CATEGORY_S_TYPE_ID,INDICATOR_CATEGORY_IS_UPPER_L,INDICATOR_ID,INDICATOR_NAME,INDICATOR_MEMO,INDICATOR_UNIT,INDICATOR_UNIT_SCORE,EXECUTOR_USER_ID,MONTH,COMPLETE_AMOUNT,COMPLETE_SCORE,DATA_GATHER_TYPE_ID,CREATE_USER_ID,CREATE_TIME,UPDATE_USER_ID,UPDATE_TIME) values ('111111111111143','111111111111112','111111111111111','培训部P级人员考核模板','培训部P级人员考核模板',603,1030035897,0,111111111111111,'主动工作',70,109,5,'111111111111121','课件主体的构建，排版','课件主体的构建，排版','次',5,'201907221620570259',201911,0,0,1,'0',null,'0',null);
Insert into FZZLKPIV2.KPI_RESULT_DETAIL (ID,KPI_RESULT_ID,INDICATOR_TEMPLATE_ID,INDICATOR_TEMPLATE_NAME,INDICATOR_TEMPLATE_MEMO,DEP_ID,POSITION_ID,KPI_LEVEL_ID,INDICATOR_CATEGORY_ID,INDICATOR_CATEGORY_NAME,INDICATOR_CATEGORY_WEIGHT,INDICATOR_CATEGORY_S_TYPE_ID,INDICATOR_CATEGORY_IS_UPPER_L,INDICATOR_ID,INDICATOR_NAME,INDICATOR_MEMO,INDICATOR_UNIT,INDICATOR_UNIT_SCORE,EXECUTOR_USER_ID,MONTH,COMPLETE_AMOUNT,COMPLETE_SCORE,DATA_GATHER_TYPE_ID,CREATE_USER_ID,CREATE_TIME,UPDATE_USER_ID,UPDATE_TIME) values ('111111111111142','111111111111112','111111111111111','培训部P级人员考核模板','培训部P级人员考核模板',603,1030035897,0,111111111111111,'主动工作',70,109,5,'111111111111126','进行集体培训演讲','进行集体培训演讲','次',10,'201907221620570259',201911,0,0,1,'0',null,'0',null);
Insert into FZZLKPIV2.KPI_RESULT_DETAIL (ID,KPI_RESULT_ID,INDICATOR_TEMPLATE_ID,INDICATOR_TEMPLATE_NAME,INDICATOR_TEMPLATE_MEMO,DEP_ID,POSITION_ID,KPI_LEVEL_ID,INDICATOR_CATEGORY_ID,INDICATOR_CATEGORY_NAME,INDICATOR_CATEGORY_WEIGHT,INDICATOR_CATEGORY_S_TYPE_ID,INDICATOR_CATEGORY_IS_UPPER_L,INDICATOR_ID,INDICATOR_NAME,INDICATOR_MEMO,INDICATOR_UNIT,INDICATOR_UNIT_SCORE,EXECUTOR_USER_ID,MONTH,COMPLETE_AMOUNT,COMPLETE_SCORE,DATA_GATHER_TYPE_ID,CREATE_USER_ID,CREATE_TIME,UPDATE_USER_ID,UPDATE_TIME) values ('111111111111130','111111111111112','111111111111111','培训部P级人员考核模板','培训部P级人员考核模板',603,1030035897,0,111111111111111,'主动工作',70,109,5,'111111111111127','培训后心得反馈的收集','培训后心得反馈的收集','次',5,'201907221620570259',201911,0,0,1,'0',null,'0',null);
Insert into FZZLKPIV2.KPI_RESULT_DETAIL (ID,KPI_RESULT_ID,INDICATOR_TEMPLATE_ID,INDICATOR_TEMPLATE_NAME,INDICATOR_TEMPLATE_MEMO,DEP_ID,POSITION_ID,KPI_LEVEL_ID,INDICATOR_CATEGORY_ID,INDICATOR_CATEGORY_NAME,INDICATOR_CATEGORY_WEIGHT,INDICATOR_CATEGORY_S_TYPE_ID,INDICATOR_CATEGORY_IS_UPPER_L,INDICATOR_ID,INDICATOR_NAME,INDICATOR_MEMO,INDICATOR_UNIT,INDICATOR_UNIT_SCORE,EXECUTOR_USER_ID,MONTH,COMPLETE_AMOUNT,COMPLETE_SCORE,DATA_GATHER_TYPE_ID,CREATE_USER_ID,CREATE_TIME,UPDATE_USER_ID,UPDATE_TIME) values ('111111111111131','111111111111112','111111111111111','培训部P级人员考核模板','培训部P级人员考核模板',603,1030035897,0,111111111111111,'主动工作',70,109,5,'111111111111124','组织沟通人员参与培训会，提前沟通通知，统计预计到场人数；提前预演演讲，确定思路描述','组织沟通人员参与培训会，提前沟通通知，统计预计到场人数；提前预演演讲，确定思路描述','次',7,'201907221620570259',201911,0,0,1,'0',null,'0',null);
Insert into FZZLKPIV2.KPI_RESULT_DETAIL (ID,KPI_RESULT_ID,INDICATOR_TEMPLATE_ID,INDICATOR_TEMPLATE_NAME,INDICATOR_TEMPLATE_MEMO,DEP_ID,POSITION_ID,KPI_LEVEL_ID,INDICATOR_CATEGORY_ID,INDICATOR_CATEGORY_NAME,INDICATOR_CATEGORY_WEIGHT,INDICATOR_CATEGORY_S_TYPE_ID,INDICATOR_CATEGORY_IS_UPPER_L,INDICATOR_ID,INDICATOR_NAME,INDICATOR_MEMO,INDICATOR_UNIT,INDICATOR_UNIT_SCORE,EXECUTOR_USER_ID,MONTH,COMPLETE_AMOUNT,COMPLETE_SCORE,DATA_GATHER_TYPE_ID,CREATE_USER_ID,CREATE_TIME,UPDATE_USER_ID,UPDATE_TIME) values ('111111111111132','111111111111112','111111111111111','培训部P级人员考核模板','培训部P级人员考核模板',603,1030035897,0,111111111111111,'主动工作',70,109,5,'111111111111125','提前预演演讲，确定思路描述','提前预演演讲，确定思路描述','次',8,'201907221620570259',201911,0,0,1,'0',null,'0',null);
Insert into FZZLKPIV2.KPI_RESULT_DETAIL (ID,KPI_RESULT_ID,INDICATOR_TEMPLATE_ID,INDICATOR_TEMPLATE_NAME,INDICATOR_TEMPLATE_MEMO,DEP_ID,POSITION_ID,KPI_LEVEL_ID,INDICATOR_CATEGORY_ID,INDICATOR_CATEGORY_NAME,INDICATOR_CATEGORY_WEIGHT,INDICATOR_CATEGORY_S_TYPE_ID,INDICATOR_CATEGORY_IS_UPPER_L,INDICATOR_ID,INDICATOR_NAME,INDICATOR_MEMO,INDICATOR_UNIT,INDICATOR_UNIT_SCORE,EXECUTOR_USER_ID,MONTH,COMPLETE_AMOUNT,COMPLETE_SCORE,DATA_GATHER_TYPE_ID,CREATE_USER_ID,CREATE_TIME,UPDATE_USER_ID,UPDATE_TIME) values ('111111111111133','111111111111112','111111111111111','培训部P级人员考核模板','培训部P级人员考核模板',603,1030035897,0,111111111111111,'主动工作',70,109,5,'111111111111117','职业道德测评问卷测试','职业道德测评问卷测试','次',5,'201907221620570259',201911,0,0,1,'0',null,'0',null);
Insert into FZZLKPIV2.KPI_RESULT_DETAIL (ID,KPI_RESULT_ID,INDICATOR_TEMPLATE_ID,INDICATOR_TEMPLATE_NAME,INDICATOR_TEMPLATE_MEMO,DEP_ID,POSITION_ID,KPI_LEVEL_ID,INDICATOR_CATEGORY_ID,INDICATOR_CATEGORY_NAME,INDICATOR_CATEGORY_WEIGHT,INDICATOR_CATEGORY_S_TYPE_ID,INDICATOR_CATEGORY_IS_UPPER_L,INDICATOR_ID,INDICATOR_NAME,INDICATOR_MEMO,INDICATOR_UNIT,INDICATOR_UNIT_SCORE,EXECUTOR_USER_ID,MONTH,COMPLETE_AMOUNT,COMPLETE_SCORE,DATA_GATHER_TYPE_ID,CREATE_USER_ID,CREATE_TIME,UPDATE_USER_ID,UPDATE_TIME) values ('111111111111134','111111111111112','111111111111111','培训部P级人员考核模板','培训部P级人员考核模板',603,1030035897,0,111111111111111,'主动工作',70,109,5,'111111111111116','模拟实战演练','模拟实战演练','次',5,'201907221620570259',201911,0,0,1,'0',null,'0',null);
Insert into FZZLKPIV2.KPI_RESULT_DETAIL (ID,KPI_RESULT_ID,INDICATOR_TEMPLATE_ID,INDICATOR_TEMPLATE_NAME,INDICATOR_TEMPLATE_MEMO,DEP_ID,POSITION_ID,KPI_LEVEL_ID,INDICATOR_CATEGORY_ID,INDICATOR_CATEGORY_NAME,INDICATOR_CATEGORY_WEIGHT,INDICATOR_CATEGORY_S_TYPE_ID,INDICATOR_CATEGORY_IS_UPPER_L,INDICATOR_ID,INDICATOR_NAME,INDICATOR_MEMO,INDICATOR_UNIT,INDICATOR_UNIT_SCORE,EXECUTOR_USER_ID,MONTH,COMPLETE_AMOUNT,COMPLETE_SCORE,DATA_GATHER_TYPE_ID,CREATE_USER_ID,CREATE_TIME,UPDATE_USER_ID,UPDATE_TIME) values ('111111111111135','111111111111112','111111111111111','培训部P级人员考核模板','培训部P级人员考核模板',603,1030035897,0,111111111111111,'主动工作',70,109,5,'111111111111119','课件研发思路构思制作大纲','课件研发思路构思制作大纲','次',5,'201907221620570259',201911,0,0,1,'0',null,'0',null);
Insert into FZZLKPIV2.KPI_RESULT_DETAIL (ID,KPI_RESULT_ID,INDICATOR_TEMPLATE_ID,INDICATOR_TEMPLATE_NAME,INDICATOR_TEMPLATE_MEMO,DEP_ID,POSITION_ID,KPI_LEVEL_ID,INDICATOR_CATEGORY_ID,INDICATOR_CATEGORY_NAME,INDICATOR_CATEGORY_WEIGHT,INDICATOR_CATEGORY_S_TYPE_ID,INDICATOR_CATEGORY_IS_UPPER_L,INDICATOR_ID,INDICATOR_NAME,INDICATOR_MEMO,INDICATOR_UNIT,INDICATOR_UNIT_SCORE,EXECUTOR_USER_ID,MONTH,COMPLETE_AMOUNT,COMPLETE_SCORE,DATA_GATHER_TYPE_ID,CREATE_USER_ID,CREATE_TIME,UPDATE_USER_ID,UPDATE_TIME) values ('111111111111136','111111111111112','111111111111111','培训部P级人员考核模板','培训部P级人员考核模板',603,1030035897,0,111111111111111,'主动工作',70,109,5,'111111111111118','课件需求调研采集，每月初第一周进行需求采集，到各部门进行沟通','课件需求调研采集，每月初第一周进行需求采集，到各部门进行沟通','次',5,'201907221620570259',201911,0,0,1,'0',null,'0',null);
Insert into FZZLKPIV2.KPI_RESULT_DETAIL (ID,KPI_RESULT_ID,INDICATOR_TEMPLATE_ID,INDICATOR_TEMPLATE_NAME,INDICATOR_TEMPLATE_MEMO,DEP_ID,POSITION_ID,KPI_LEVEL_ID,INDICATOR_CATEGORY_ID,INDICATOR_CATEGORY_NAME,INDICATOR_CATEGORY_WEIGHT,INDICATOR_CATEGORY_S_TYPE_ID,INDICATOR_CATEGORY_IS_UPPER_L,INDICATOR_ID,INDICATOR_NAME,INDICATOR_MEMO,INDICATOR_UNIT,INDICATOR_UNIT_SCORE,EXECUTOR_USER_ID,MONTH,COMPLETE_AMOUNT,COMPLETE_SCORE,DATA_GATHER_TYPE_ID,CREATE_USER_ID,CREATE_TIME,UPDATE_USER_ID,UPDATE_TIME) values ('111111111111137','111111111111112','111111111111111','培训部P级人员考核模板','培训部P级人员考核模板',603,1030035897,0,111111111111112,'被动工作',30,109,5,'111111111111112','培训新员工行业概况前景；社保知识（五险构成、上海社保的优劣，社保漏缴处罚法规）','培训新员工行业概况前景；社保知识（五险构成、上海社保的优劣，社保漏缴处罚法规）','次',10,'201907221620570259',201911,0,0,1,'0',null,'0',null);
Insert into FZZLKPIV2.KPI_RESULT_DETAIL (ID,KPI_RESULT_ID,INDICATOR_TEMPLATE_ID,INDICATOR_TEMPLATE_NAME,INDICATOR_TEMPLATE_MEMO,DEP_ID,POSITION_ID,KPI_LEVEL_ID,INDICATOR_CATEGORY_ID,INDICATOR_CATEGORY_NAME,INDICATOR_CATEGORY_WEIGHT,INDICATOR_CATEGORY_S_TYPE_ID,INDICATOR_CATEGORY_IS_UPPER_L,INDICATOR_ID,INDICATOR_NAME,INDICATOR_MEMO,INDICATOR_UNIT,INDICATOR_UNIT_SCORE,EXECUTOR_USER_ID,MONTH,COMPLETE_AMOUNT,COMPLETE_SCORE,DATA_GATHER_TYPE_ID,CREATE_USER_ID,CREATE_TIME,UPDATE_USER_ID,UPDATE_TIME) values ('111111111111138','111111111111112','111111111111111','培训部P级人员考核模板','培训部P级人员考核模板',603,1030035897,0,111111111111112,'被动工作',30,109,5,'111111111111111','培训新员工了解行业概况前景','培训新员工了解行业概况前景','次',5,'201907221620570259',201911,0,0,1,'0',null,'0',null);
Insert into FZZLKPIV2.KPI_RESULT_DETAIL (ID,KPI_RESULT_ID,INDICATOR_TEMPLATE_ID,INDICATOR_TEMPLATE_NAME,INDICATOR_TEMPLATE_MEMO,DEP_ID,POSITION_ID,KPI_LEVEL_ID,INDICATOR_CATEGORY_ID,INDICATOR_CATEGORY_NAME,INDICATOR_CATEGORY_WEIGHT,INDICATOR_CATEGORY_S_TYPE_ID,INDICATOR_CATEGORY_IS_UPPER_L,INDICATOR_ID,INDICATOR_NAME,INDICATOR_MEMO,INDICATOR_UNIT,INDICATOR_UNIT_SCORE,EXECUTOR_USER_ID,MONTH,COMPLETE_AMOUNT,COMPLETE_SCORE,DATA_GATHER_TYPE_ID,CREATE_USER_ID,CREATE_TIME,UPDATE_USER_ID,UPDATE_TIME) values ('111111111111139','111111111111112','111111111111111','培训部P级人员考核模板','培训部P级人员考核模板',603,1030035897,0,111111111111112,'被动工作',30,109,5,'111111111111113','培训新员工熟悉业务知识（价格、险种）工伤赔偿标准、险种赔付流程及后续','培训新员工熟悉业务知识（价格、险种）工伤赔偿标准、险种赔付流程及后续','次',5,'201907221620570259',201911,0,0,1,'0',null,'0',null);
Insert into FZZLKPIV2.KPI_RESULT_DETAIL (ID,KPI_RESULT_ID,INDICATOR_TEMPLATE_ID,INDICATOR_TEMPLATE_NAME,INDICATOR_TEMPLATE_MEMO,DEP_ID,POSITION_ID,KPI_LEVEL_ID,INDICATOR_CATEGORY_ID,INDICATOR_CATEGORY_NAME,INDICATOR_CATEGORY_WEIGHT,INDICATOR_CATEGORY_S_TYPE_ID,INDICATOR_CATEGORY_IS_UPPER_L,INDICATOR_ID,INDICATOR_NAME,INDICATOR_MEMO,INDICATOR_UNIT,INDICATOR_UNIT_SCORE,EXECUTOR_USER_ID,MONTH,COMPLETE_AMOUNT,COMPLETE_SCORE,DATA_GATHER_TYPE_ID,CREATE_USER_ID,CREATE_TIME,UPDATE_USER_ID,UPDATE_TIME) values ('111111111111140','111111111111112','111111111111111','培训部P级人员考核模板','培训部P级人员考核模板',603,1030035897,0,111111111111112,'被动工作',30,109,5,'111111111111115','培训电销过程中高频次问题答疑','培训电销过程中高频次问题答疑','次',5,'201907221620570259',201911,0,0,1,'0',null,'0',null);
Insert into FZZLKPIV2.KPI_RESULT_DETAIL (ID,KPI_RESULT_ID,INDICATOR_TEMPLATE_ID,INDICATOR_TEMPLATE_NAME,INDICATOR_TEMPLATE_MEMO,DEP_ID,POSITION_ID,KPI_LEVEL_ID,INDICATOR_CATEGORY_ID,INDICATOR_CATEGORY_NAME,INDICATOR_CATEGORY_WEIGHT,INDICATOR_CATEGORY_S_TYPE_ID,INDICATOR_CATEGORY_IS_UPPER_L,INDICATOR_ID,INDICATOR_NAME,INDICATOR_MEMO,INDICATOR_UNIT,INDICATOR_UNIT_SCORE,EXECUTOR_USER_ID,MONTH,COMPLETE_AMOUNT,COMPLETE_SCORE,DATA_GATHER_TYPE_ID,CREATE_USER_ID,CREATE_TIME,UPDATE_USER_ID,UPDATE_TIME) values ('111111111111141','111111111111112','111111111111111','培训部P级人员考核模板','培训部P级人员考核模板',603,1030035897,0,111111111111112,'被动工作',30,109,5,'111111111111114','培训新员工工伤赔偿标准、我司雇主责任险赔付流程及后续员工关系处理','培训新员工工伤赔偿标准、我司雇主责任险赔付流程及后续员工关系处理','次',5,'201907221620570259',201911,0,0,1,'0',null,'0',null);
Insert into FZZLKPIV2.KPI_RESULT_DETAIL (ID,KPI_RESULT_ID,INDICATOR_TEMPLATE_ID,INDICATOR_TEMPLATE_NAME,INDICATOR_TEMPLATE_MEMO,DEP_ID,POSITION_ID,KPI_LEVEL_ID,INDICATOR_CATEGORY_ID,INDICATOR_CATEGORY_NAME,INDICATOR_CATEGORY_WEIGHT,INDICATOR_CATEGORY_S_TYPE_ID,INDICATOR_CATEGORY_IS_UPPER_L,INDICATOR_ID,INDICATOR_NAME,INDICATOR_MEMO,INDICATOR_UNIT,INDICATOR_UNIT_SCORE,EXECUTOR_USER_ID,MONTH,COMPLETE_AMOUNT,COMPLETE_SCORE,DATA_GATHER_TYPE_ID,CREATE_USER_ID,CREATE_TIME,UPDATE_USER_ID,UPDATE_TIME) values ('58616402533158914','58616402533158912','58249365369655296','技术部测试考核模板2','技术部测试考核模板2',1030000108,1030044444,6,58233503262707712,'被动工作',90,109,5,'58248060794310656','问题解决','问题解决','个',1,'201712041759080993',201911,0,0,1,'0',null,'0',null);
Insert into FZZLKPIV2.KPI_RESULT_DETAIL (ID,KPI_RESULT_ID,INDICATOR_TEMPLATE_ID,INDICATOR_TEMPLATE_NAME,INDICATOR_TEMPLATE_MEMO,DEP_ID,POSITION_ID,KPI_LEVEL_ID,INDICATOR_CATEGORY_ID,INDICATOR_CATEGORY_NAME,INDICATOR_CATEGORY_WEIGHT,INDICATOR_CATEGORY_S_TYPE_ID,INDICATOR_CATEGORY_IS_UPPER_L,INDICATOR_ID,INDICATOR_NAME,INDICATOR_MEMO,INDICATOR_UNIT,INDICATOR_UNIT_SCORE,EXECUTOR_USER_ID,MONTH,COMPLETE_AMOUNT,COMPLETE_SCORE,DATA_GATHER_TYPE_ID,CREATE_USER_ID,CREATE_TIME,UPDATE_USER_ID,UPDATE_TIME) values ('58620743591661570','58620743591661569','58611267241250816','勇哥测试模板','勇哥测试模板',1030000108,1030035832,2,58608520282509312,'主动工作-勇哥专用',50,109,6,'58609534565879808','勇哥专用测试','勇哥专用测试','次',5,'201810151136030953',201911,10,50,1,'0',null,'0',null);
Insert into FZZLKPIV2.KPI_RESULT_DETAIL (ID,KPI_RESULT_ID,INDICATOR_TEMPLATE_ID,INDICATOR_TEMPLATE_NAME,INDICATOR_TEMPLATE_MEMO,DEP_ID,POSITION_ID,KPI_LEVEL_ID,INDICATOR_CATEGORY_ID,INDICATOR_CATEGORY_NAME,INDICATOR_CATEGORY_WEIGHT,INDICATOR_CATEGORY_S_TYPE_ID,INDICATOR_CATEGORY_IS_UPPER_L,INDICATOR_ID,INDICATOR_NAME,INDICATOR_MEMO,INDICATOR_UNIT,INDICATOR_UNIT_SCORE,EXECUTOR_USER_ID,MONTH,COMPLETE_AMOUNT,COMPLETE_SCORE,DATA_GATHER_TYPE_ID,CREATE_USER_ID,CREATE_TIME,UPDATE_USER_ID,UPDATE_TIME) values ('58597530128093186','58597530128093185','58240570786582528','技术部测试模板-one','技术部测试模板',1030000108,1030044442,0,58233421838684160,'主动工作1',100,110,5,'58239053136400384','系统推进了解','系统推进了解','次',10,'201907291127320212',201911,5,50,1,'0',null,'0',null);
Insert into FZZLKPIV2.KPI_RESULT_DETAIL (ID,KPI_RESULT_ID,INDICATOR_TEMPLATE_ID,INDICATOR_TEMPLATE_NAME,INDICATOR_TEMPLATE_MEMO,DEP_ID,POSITION_ID,KPI_LEVEL_ID,INDICATOR_CATEGORY_ID,INDICATOR_CATEGORY_NAME,INDICATOR_CATEGORY_WEIGHT,INDICATOR_CATEGORY_S_TYPE_ID,INDICATOR_CATEGORY_IS_UPPER_L,INDICATOR_ID,INDICATOR_NAME,INDICATOR_MEMO,INDICATOR_UNIT,INDICATOR_UNIT_SCORE,EXECUTOR_USER_ID,MONTH,COMPLETE_AMOUNT,COMPLETE_SCORE,DATA_GATHER_TYPE_ID,CREATE_USER_ID,CREATE_TIME,UPDATE_USER_ID,UPDATE_TIME) values ('58601429648019460','58601429648019459','58601429413138432','it部开发考核模板','it部开发考核模板',1030000108,1030044216,2,58598216404307968,'主动工作',100,109,6,'58598863677689856','测试1','测试1','个',1,'201707241130460138',201911,0,0,1,'0',null,'0',null);
Insert into FZZLKPIV2.KPI_RESULT_DETAIL (ID,KPI_RESULT_ID,INDICATOR_TEMPLATE_ID,INDICATOR_TEMPLATE_NAME,INDICATOR_TEMPLATE_MEMO,DEP_ID,POSITION_ID,KPI_LEVEL_ID,INDICATOR_CATEGORY_ID,INDICATOR_CATEGORY_NAME,INDICATOR_CATEGORY_WEIGHT,INDICATOR_CATEGORY_S_TYPE_ID,INDICATOR_CATEGORY_IS_UPPER_L,INDICATOR_ID,INDICATOR_NAME,INDICATOR_MEMO,INDICATOR_UNIT,INDICATOR_UNIT_SCORE,EXECUTOR_USER_ID,MONTH,COMPLETE_AMOUNT,COMPLETE_SCORE,DATA_GATHER_TYPE_ID,CREATE_USER_ID,CREATE_TIME,UPDATE_USER_ID,UPDATE_TIME) values ('58601429648019462','58601429648019461','58601429413138432','it部开发考核模板','it部开发考核模板',1030000108,1030044216,2,58598216404307968,'主动工作',100,109,6,'58598863677689856','测试1','测试1','个',1,'201810151136030953',201911,0,0,1,'0',null,'0',null);
Insert into FZZLKPIV2.KPI_RESULT_DETAIL (ID,KPI_RESULT_ID,INDICATOR_TEMPLATE_ID,INDICATOR_TEMPLATE_NAME,INDICATOR_TEMPLATE_MEMO,DEP_ID,POSITION_ID,KPI_LEVEL_ID,INDICATOR_CATEGORY_ID,INDICATOR_CATEGORY_NAME,INDICATOR_CATEGORY_WEIGHT,INDICATOR_CATEGORY_S_TYPE_ID,INDICATOR_CATEGORY_IS_UPPER_L,INDICATOR_ID,INDICATOR_NAME,INDICATOR_MEMO,INDICATOR_UNIT,INDICATOR_UNIT_SCORE,EXECUTOR_USER_ID,MONTH,COMPLETE_AMOUNT,COMPLETE_SCORE,DATA_GATHER_TYPE_ID,CREATE_USER_ID,CREATE_TIME,UPDATE_USER_ID,UPDATE_TIME) values ('58616402533158913','58616402533158912','58249365369655296','技术部测试考核模板2','技术部测试考核模板2',1030000108,1030044444,6,58233421838684160,'主动工作-one',10,110,5,'58247472547368960','工作汇报1','工作汇报','次',1,'201712041759080993',201911,0,0,1,'0',null,'0',null);
Insert into FZZLKPIV2.KPI_RESULT_DETAIL (ID,KPI_RESULT_ID,INDICATOR_TEMPLATE_ID,INDICATOR_TEMPLATE_NAME,INDICATOR_TEMPLATE_MEMO,DEP_ID,POSITION_ID,KPI_LEVEL_ID,INDICATOR_CATEGORY_ID,INDICATOR_CATEGORY_NAME,INDICATOR_CATEGORY_WEIGHT,INDICATOR_CATEGORY_S_TYPE_ID,INDICATOR_CATEGORY_IS_UPPER_L,INDICATOR_ID,INDICATOR_NAME,INDICATOR_MEMO,INDICATOR_UNIT,INDICATOR_UNIT_SCORE,EXECUTOR_USER_ID,MONTH,COMPLETE_AMOUNT,COMPLETE_SCORE,DATA_GATHER_TYPE_ID,CREATE_USER_ID,CREATE_TIME,UPDATE_USER_ID,UPDATE_TIME) values ('58615658492989444','58615658492989443','58516917819805696','技术部测试考核模板5','技术部测试考核模板5',1030000108,1030044443,2,58233503262707712,'被动工作',50,109,5,'58515292946436096','测试','测试','个',5,'201809191016050144',201911,6,30,1,'0',null,'0',null);
Insert into FZZLKPIV2.KPI_RESULT_DETAIL (ID,KPI_RESULT_ID,INDICATOR_TEMPLATE_ID,INDICATOR_TEMPLATE_NAME,INDICATOR_TEMPLATE_MEMO,DEP_ID,POSITION_ID,KPI_LEVEL_ID,INDICATOR_CATEGORY_ID,INDICATOR_CATEGORY_NAME,INDICATOR_CATEGORY_WEIGHT,INDICATOR_CATEGORY_S_TYPE_ID,INDICATOR_CATEGORY_IS_UPPER_L,INDICATOR_ID,INDICATOR_NAME,INDICATOR_MEMO,INDICATOR_UNIT,INDICATOR_UNIT_SCORE,EXECUTOR_USER_ID,MONTH,COMPLETE_AMOUNT,COMPLETE_SCORE,DATA_GATHER_TYPE_ID,CREATE_USER_ID,CREATE_TIME,UPDATE_USER_ID,UPDATE_TIME) values ('58615658492989445','58615658492989443','58516917819805696','技术部测试考核模板5','技术部测试考核模板5',1030000108,1030044443,2,58233421838684160,'主动工作-one',50,110,5,'58515911711133696','ceshi2-one','ceshi2','次',5,'201809191016050144',201911,0,0,1,'0',null,'0',null);
Insert into FZZLKPIV2.KPI_RESULT_DETAIL (ID,KPI_RESULT_ID,INDICATOR_TEMPLATE_ID,INDICATOR_TEMPLATE_NAME,INDICATOR_TEMPLATE_MEMO,DEP_ID,POSITION_ID,KPI_LEVEL_ID,INDICATOR_CATEGORY_ID,INDICATOR_CATEGORY_NAME,INDICATOR_CATEGORY_WEIGHT,INDICATOR_CATEGORY_S_TYPE_ID,INDICATOR_CATEGORY_IS_UPPER_L,INDICATOR_ID,INDICATOR_NAME,INDICATOR_MEMO,INDICATOR_UNIT,INDICATOR_UNIT_SCORE,EXECUTOR_USER_ID,MONTH,COMPLETE_AMOUNT,COMPLETE_SCORE,DATA_GATHER_TYPE_ID,CREATE_USER_ID,CREATE_TIME,UPDATE_USER_ID,UPDATE_TIME) values ('58615658492989446','58615658492989443','58516917819805696','技术部测试考核模板5','技术部测试考核模板5',1030000108,1030044443,2,58233503262707712,'被动工作',50,109,5,'58615492872507392','测试555','测试555','次',2,'201809191016050144',201911,0,0,1,'0',null,'0',null);
Insert into FZZLKPIV2.KPI_RESULT_DETAIL (ID,KPI_RESULT_ID,INDICATOR_TEMPLATE_ID,INDICATOR_TEMPLATE_NAME,INDICATOR_TEMPLATE_MEMO,DEP_ID,POSITION_ID,KPI_LEVEL_ID,INDICATOR_CATEGORY_ID,INDICATOR_CATEGORY_NAME,INDICATOR_CATEGORY_WEIGHT,INDICATOR_CATEGORY_S_TYPE_ID,INDICATOR_CATEGORY_IS_UPPER_L,INDICATOR_ID,INDICATOR_NAME,INDICATOR_MEMO,INDICATOR_UNIT,INDICATOR_UNIT_SCORE,EXECUTOR_USER_ID,MONTH,COMPLETE_AMOUNT,COMPLETE_SCORE,DATA_GATHER_TYPE_ID,CREATE_USER_ID,CREATE_TIME,UPDATE_USER_ID,UPDATE_TIME) values ('58620743591661571','58620743591661569','58611267241250816','勇哥测试模板','勇哥测试模板',1030000108,1030035832,2,58608617485504512,'被动工作-勇哥专用',50,110,5,'58609940629032960','勇哥专用测试指标2','勇哥专用测试指标2','次',5,'201810151136030953',201911,10,50,1,'0',null,'0',null);
REM INSERTING into FZZLKPIV2.KPI_RESULT_DETAIL_QUANTITY
SET DEFINE OFF;
Insert into FZZLKPIV2.KPI_RESULT_DETAIL_QUANTITY (ID,KPI_RESULT_DETAIL_ID,DATA_GATHER_INSTANCE_ID,COMPLETE_AMOUNT,COMPLETE_TIME,TASK_SUMMARY_INFO,IMG_URL,CREATE_USER_ID,CREATE_TIME,UPDATE_USER_ID,UPDATE_TIME) values ('58624293189193728','58620743591661570','5e60609e-8c15-4571-b6ef-abc48219f782',10,null,'章勇提交的IT部勇哥考核测试:10,["https://static.dingtalk.com/media/lADPDgQ9rM6XG4DNBTbNAu4_750_1334.jpg"]','["https://static.dingtalk.com/media/lADPDgQ9rM6XG4DNBTbNAu4_750_1334.jpg"]','201810151136030953',null,'201810151136030953',null);
Insert into FZZLKPIV2.KPI_RESULT_DETAIL_QUANTITY (ID,KPI_RESULT_DETAIL_ID,DATA_GATHER_INSTANCE_ID,COMPLETE_AMOUNT,COMPLETE_TIME,TASK_SUMMARY_INFO,IMG_URL,CREATE_USER_ID,CREATE_TIME,UPDATE_USER_ID,UPDATE_TIME) values ('58624294845943808','58620743591661571','2d7555ec-4766-4716-a56e-937b19cf2bf3',10,null,'章勇提交的IT部勇哥被动考核测试:10,["https://static.dingtalk.com/media/lADPDgQ9rM6XG-7NA6DNBnM_1651_928.jpg"]','["https://static.dingtalk.com/media/lADPDgQ9rM6XG-7NA6DNBnM_1651_928.jpg"]','201810151136030953',null,'201810151136030953',null);
Insert into FZZLKPIV2.KPI_RESULT_DETAIL_QUANTITY (ID,KPI_RESULT_DETAIL_ID,DATA_GATHER_INSTANCE_ID,COMPLETE_AMOUNT,COMPLETE_TIME,TASK_SUMMARY_INFO,IMG_URL,CREATE_USER_ID,CREATE_TIME,UPDATE_USER_ID,UPDATE_TIME) values ('58597532443348992','58597530128093186','da82f43f-5b97-4e05-a0a8-24ac20d74d6d',5,null,'朱秀权提交的主动工作申请:5,["https://static.dingtalk.com/media/lADPDgQ9rMmGoU_NBbrNAzk_825_1466.jpg","https://static.dingtalk.com/media/lADPDgQ9rMmGoZjNAtDNBDg_1080_720.jpg"]','["https://static.dingtalk.com/media/lADPDgQ9rMmGoU_NBbrNAzk_825_1466.jpg","https://static.dingtalk.com/media/lADPDgQ9rMmGoZjNAtDNBDg_1080_720.jpg"]','201907291127320212',null,'201907291127320212',null);
Insert into FZZLKPIV2.KPI_RESULT_DETAIL_QUANTITY (ID,KPI_RESULT_DETAIL_ID,DATA_GATHER_INSTANCE_ID,COMPLETE_AMOUNT,COMPLETE_TIME,TASK_SUMMARY_INFO,IMG_URL,CREATE_USER_ID,CREATE_TIME,UPDATE_USER_ID,UPDATE_TIME) values ('58615661143789568','58615658492989444','12dd056c-cf76-476b-bd8e-facaa5c543f8',6,null,'余琳提交的被动考核:6,null','null','201809191016050144',null,'201809191016050144',null);
--------------------------------------------------------
--  DDL for Index PK_KPI_ADMIN_MENU
--------------------------------------------------------

  CREATE UNIQUE INDEX "FZZLKPIV2"."PK_KPI_ADMIN_MENU" ON "FZZLKPIV2"."KPI_PERMISSION_MENU" ("ID") 
  PCTFREE 10 INITRANS 2 MAXTRANS 255 COMPUTE STATISTICS 
  STORAGE(INITIAL 65536 NEXT 1048576 MINEXTENTS 1 MAXEXTENTS 2147483645
  PCTINCREASE 0 FREELISTS 1 FREELIST GROUPS 1 BUFFER_POOL DEFAULT FLASH_CACHE DEFAULT CELL_FLASH_CACHE DEFAULT)
  TABLESPACE "FZZL_DATA" ;
--------------------------------------------------------
--  DDL for Index PK_KPI_INDICATOR_TP_CATEGORY_D
--------------------------------------------------------

  CREATE UNIQUE INDEX "FZZLKPIV2"."PK_KPI_INDICATOR_TP_CATEGORY_D" ON "FZZLKPIV2"."KPI_INDICATOR_TP_CATEGORY_DT" ("ID") 
  PCTFREE 10 INITRANS 2 MAXTRANS 255 
  STORAGE(INITIAL 65536 NEXT 1048576 MINEXTENTS 1 MAXEXTENTS 2147483645
  PCTINCREASE 0 FREELISTS 1 FREELIST GROUPS 1 BUFFER_POOL DEFAULT FLASH_CACHE DEFAULT CELL_FLASH_CACHE DEFAULT)
  TABLESPACE "FZZL_KPI" ;
--------------------------------------------------------
--  DDL for Index PK_KPI_ADMIN_ROLE_MENU
--------------------------------------------------------

  CREATE UNIQUE INDEX "FZZLKPIV2"."PK_KPI_ADMIN_ROLE_MENU" ON "FZZLKPIV2"."KPI_PERMISSION_ROLE_MENU" ("ID") 
  PCTFREE 10 INITRANS 2 MAXTRANS 255 COMPUTE STATISTICS 
  STORAGE(INITIAL 65536 NEXT 1048576 MINEXTENTS 1 MAXEXTENTS 2147483645
  PCTINCREASE 0 FREELISTS 1 FREELIST GROUPS 1 BUFFER_POOL DEFAULT FLASH_CACHE DEFAULT CELL_FLASH_CACHE DEFAULT)
  TABLESPACE "FZZL_DATA" ;
--------------------------------------------------------
--  DDL for Index PK_KPI_DIC
--------------------------------------------------------

  CREATE UNIQUE INDEX "FZZLKPIV2"."PK_KPI_DIC" ON "FZZLKPIV2"."KPI_DIC" ("ID") 
  PCTFREE 10 INITRANS 2 MAXTRANS 255 COMPUTE STATISTICS 
  STORAGE(INITIAL 65536 NEXT 1048576 MINEXTENTS 1 MAXEXTENTS 2147483645
  PCTINCREASE 0 FREELISTS 1 FREELIST GROUPS 1 BUFFER_POOL DEFAULT FLASH_CACHE DEFAULT CELL_FLASH_CACHE DEFAULT)
  TABLESPACE "USERS" ;
--------------------------------------------------------
--  DDL for Index PK_KPI_ADMIN_ROLE
--------------------------------------------------------

  CREATE UNIQUE INDEX "FZZLKPIV2"."PK_KPI_ADMIN_ROLE" ON "FZZLKPIV2"."KPI_PERMISSION_ROLE" ("ID") 
  PCTFREE 10 INITRANS 2 MAXTRANS 255 COMPUTE STATISTICS 
  STORAGE(INITIAL 65536 NEXT 1048576 MINEXTENTS 1 MAXEXTENTS 2147483645
  PCTINCREASE 0 FREELISTS 1 FREELIST GROUPS 1 BUFFER_POOL DEFAULT FLASH_CACHE DEFAULT CELL_FLASH_CACHE DEFAULT)
  TABLESPACE "FZZL_DATA" ;
--------------------------------------------------------
--  DDL for Index UK_KPI_INDICATOR
--------------------------------------------------------

  CREATE UNIQUE INDEX "FZZLKPIV2"."UK_KPI_INDICATOR" ON "FZZLKPIV2"."KPI_INDICATOR" ("NAME", "DEP_ID", "POSITION_ID") 
  PCTFREE 10 INITRANS 2 MAXTRANS 255 COMPUTE STATISTICS 
  STORAGE(INITIAL 65536 NEXT 1048576 MINEXTENTS 1 MAXEXTENTS 2147483645
  PCTINCREASE 0 FREELISTS 1 FREELIST GROUPS 1 BUFFER_POOL DEFAULT FLASH_CACHE DEFAULT CELL_FLASH_CACHE DEFAULT)
  TABLESPACE "FZZL_KPI" ;
--------------------------------------------------------
--  DDL for Index PK_KPI_INDICATOR_CATEGORY
--------------------------------------------------------

  CREATE UNIQUE INDEX "FZZLKPIV2"."PK_KPI_INDICATOR_CATEGORY" ON "FZZLKPIV2"."KPI_INDICATOR_CATEGORY" ("ID") 
  PCTFREE 10 INITRANS 2 MAXTRANS 255 
  STORAGE(INITIAL 65536 NEXT 1048576 MINEXTENTS 1 MAXEXTENTS 2147483645
  PCTINCREASE 0 FREELISTS 1 FREELIST GROUPS 1 BUFFER_POOL DEFAULT FLASH_CACHE DEFAULT CELL_FLASH_CACHE DEFAULT)
  TABLESPACE "FZZL_KPI" ;
--------------------------------------------------------
--  DDL for Index PK_KPI_ADMIN_USER_ROLE
--------------------------------------------------------

  CREATE UNIQUE INDEX "FZZLKPIV2"."PK_KPI_ADMIN_USER_ROLE" ON "FZZLKPIV2"."KPI_PERMISSION_USER_ROLE" ("ID") 
  PCTFREE 10 INITRANS 2 MAXTRANS 255 COMPUTE STATISTICS 
  STORAGE(INITIAL 65536 NEXT 1048576 MINEXTENTS 1 MAXEXTENTS 2147483645
  PCTINCREASE 0 FREELISTS 1 FREELIST GROUPS 1 BUFFER_POOL DEFAULT FLASH_CACHE DEFAULT CELL_FLASH_CACHE DEFAULT)
  TABLESPACE "FZZL_DATA" ;
--------------------------------------------------------
--  DDL for Index PK_KPI_DATA_SOURCE_TYPE
--------------------------------------------------------

  CREATE UNIQUE INDEX "FZZLKPIV2"."PK_KPI_DATA_SOURCE_TYPE" ON "FZZLKPIV2"."KPI_INDICATOR_DATA_GATHER_TYPE" ("ID") 
  PCTFREE 10 INITRANS 2 MAXTRANS 255 COMPUTE STATISTICS 
  STORAGE(INITIAL 65536 NEXT 1048576 MINEXTENTS 1 MAXEXTENTS 2147483645
  PCTINCREASE 0 FREELISTS 1 FREELIST GROUPS 1 BUFFER_POOL DEFAULT FLASH_CACHE DEFAULT CELL_FLASH_CACHE DEFAULT)
  TABLESPACE "USERS" ;
--------------------------------------------------------
--  DDL for Index PK_KPI_RESULT
--------------------------------------------------------

  CREATE UNIQUE INDEX "FZZLKPIV2"."PK_KPI_RESULT" ON "FZZLKPIV2"."KPI_RESULT" ("ID") 
  PCTFREE 10 INITRANS 2 MAXTRANS 255 
  STORAGE(INITIAL 65536 NEXT 1048576 MINEXTENTS 1 MAXEXTENTS 2147483645
  PCTINCREASE 0 FREELISTS 1 FREELIST GROUPS 1 BUFFER_POOL DEFAULT FLASH_CACHE DEFAULT CELL_FLASH_CACHE DEFAULT)
  TABLESPACE "FZZL_KPI" ;
--------------------------------------------------------
--  DDL for Index PK_KPI_INDICATOR_TEMPLATE
--------------------------------------------------------

  CREATE UNIQUE INDEX "FZZLKPIV2"."PK_KPI_INDICATOR_TEMPLATE" ON "FZZLKPIV2"."KPI_INDICATOR_TEMPLATE" ("ID") 
  PCTFREE 10 INITRANS 2 MAXTRANS 255 
  STORAGE(INITIAL 65536 NEXT 1048576 MINEXTENTS 1 MAXEXTENTS 2147483645
  PCTINCREASE 0 FREELISTS 1 FREELIST GROUPS 1 BUFFER_POOL DEFAULT FLASH_CACHE DEFAULT CELL_FLASH_CACHE DEFAULT)
  TABLESPACE "FZZL_KPI" ;
--------------------------------------------------------
--  DDL for Index PK_KPI_INDICATOR
--------------------------------------------------------

  CREATE UNIQUE INDEX "FZZLKPIV2"."PK_KPI_INDICATOR" ON "FZZLKPIV2"."KPI_INDICATOR" ("ID") 
  PCTFREE 10 INITRANS 2 MAXTRANS 255 
  STORAGE(INITIAL 65536 NEXT 1048576 MINEXTENTS 1 MAXEXTENTS 2147483645
  PCTINCREASE 0 FREELISTS 1 FREELIST GROUPS 1 BUFFER_POOL DEFAULT FLASH_CACHE DEFAULT CELL_FLASH_CACHE DEFAULT)
  TABLESPACE "FZZL_KPI" ;
--------------------------------------------------------
--  DDL for Index PK_KPI_INDICATOR_TP_CATEGORY
--------------------------------------------------------

  CREATE UNIQUE INDEX "FZZLKPIV2"."PK_KPI_INDICATOR_TP_CATEGORY" ON "FZZLKPIV2"."KPI_INDICATOR_TP_CATEGORY" ("ID") 
  PCTFREE 10 INITRANS 2 MAXTRANS 255 
  STORAGE(INITIAL 65536 NEXT 1048576 MINEXTENTS 1 MAXEXTENTS 2147483645
  PCTINCREASE 0 FREELISTS 1 FREELIST GROUPS 1 BUFFER_POOL DEFAULT FLASH_CACHE DEFAULT CELL_FLASH_CACHE DEFAULT)
  TABLESPACE "FZZL_KPI" ;
--------------------------------------------------------
--  DDL for Index UK_KPI_ADMIN_USER_ROLE
--------------------------------------------------------

  CREATE UNIQUE INDEX "FZZLKPIV2"."UK_KPI_ADMIN_USER_ROLE" ON "FZZLKPIV2"."KPI_PERMISSION_USER_ROLE" ("USER_ID", "KPI_ROLE_ID") 
  PCTFREE 10 INITRANS 2 MAXTRANS 255 COMPUTE STATISTICS 
  STORAGE(INITIAL 65536 NEXT 1048576 MINEXTENTS 1 MAXEXTENTS 2147483645
  PCTINCREASE 0 FREELISTS 1 FREELIST GROUPS 1 BUFFER_POOL DEFAULT FLASH_CACHE DEFAULT CELL_FLASH_CACHE DEFAULT)
  TABLESPACE "FZZL_DATA" ;
--------------------------------------------------------
--  DDL for Index PK_KPI_RESULT_DETAIL_QUANTITY
--------------------------------------------------------

  CREATE UNIQUE INDEX "FZZLKPIV2"."PK_KPI_RESULT_DETAIL_QUANTITY" ON "FZZLKPIV2"."KPI_RESULT_DETAIL_QUANTITY" ("ID") 
  PCTFREE 10 INITRANS 2 MAXTRANS 255 
  STORAGE(INITIAL 65536 NEXT 1048576 MINEXTENTS 1 MAXEXTENTS 2147483645
  PCTINCREASE 0 FREELISTS 1 FREELIST GROUPS 1 BUFFER_POOL DEFAULT FLASH_CACHE DEFAULT CELL_FLASH_CACHE DEFAULT)
  TABLESPACE "FZZL_KPI" ;
--------------------------------------------------------
--  DDL for Index UK_KPI_DIC_UKEY
--------------------------------------------------------

  CREATE UNIQUE INDEX "FZZLKPIV2"."UK_KPI_DIC_UKEY" ON "FZZLKPIV2"."KPI_DIC" ("UNIQUE_KEY") 
  PCTFREE 10 INITRANS 2 MAXTRANS 255 COMPUTE STATISTICS 
  STORAGE(INITIAL 65536 NEXT 1048576 MINEXTENTS 1 MAXEXTENTS 2147483645
  PCTINCREASE 0 FREELISTS 1 FREELIST GROUPS 1 BUFFER_POOL DEFAULT FLASH_CACHE DEFAULT CELL_FLASH_CACHE DEFAULT)
  TABLESPACE "USERS" ;
--------------------------------------------------------
--  DDL for Index UK_KPI_INDICATOR_TEMPLATE
--------------------------------------------------------

  CREATE UNIQUE INDEX "FZZLKPIV2"."UK_KPI_INDICATOR_TEMPLATE" ON "FZZLKPIV2"."KPI_INDICATOR_TEMPLATE" ("DEP_ID", "POSITION_ID", "KPI_LEVEL_ID") 
  PCTFREE 10 INITRANS 2 MAXTRANS 255 COMPUTE STATISTICS 
  STORAGE(INITIAL 65536 NEXT 1048576 MINEXTENTS 1 MAXEXTENTS 2147483645
  PCTINCREASE 0 FREELISTS 1 FREELIST GROUPS 1 BUFFER_POOL DEFAULT FLASH_CACHE DEFAULT CELL_FLASH_CACHE DEFAULT)
  TABLESPACE "FZZL_KPI" ;
--------------------------------------------------------
--  DDL for Index UK_KPI_ADMIN_ROLE_MENU
--------------------------------------------------------

  CREATE UNIQUE INDEX "FZZLKPIV2"."UK_KPI_ADMIN_ROLE_MENU" ON "FZZLKPIV2"."KPI_PERMISSION_ROLE_MENU" ("ROLE_ID", "MENU_ID") 
  PCTFREE 10 INITRANS 2 MAXTRANS 255 COMPUTE STATISTICS 
  STORAGE(INITIAL 65536 NEXT 1048576 MINEXTENTS 1 MAXEXTENTS 2147483645
  PCTINCREASE 0 FREELISTS 1 FREELIST GROUPS 1 BUFFER_POOL DEFAULT FLASH_CACHE DEFAULT CELL_FLASH_CACHE DEFAULT)
  TABLESPACE "FZZL_DATA" ;
--------------------------------------------------------
--  DDL for Index UK_KPI_DIC_KEY
--------------------------------------------------------

  CREATE UNIQUE INDEX "FZZLKPIV2"."UK_KPI_DIC_KEY" ON "FZZLKPIV2"."KPI_DIC" ("KEY") 
  PCTFREE 10 INITRANS 2 MAXTRANS 255 COMPUTE STATISTICS 
  STORAGE(INITIAL 65536 NEXT 1048576 MINEXTENTS 1 MAXEXTENTS 2147483645
  PCTINCREASE 0 FREELISTS 1 FREELIST GROUPS 1 BUFFER_POOL DEFAULT FLASH_CACHE DEFAULT CELL_FLASH_CACHE DEFAULT)
  TABLESPACE "USERS" ;
--------------------------------------------------------
--  DDL for Index PK_KPI_RESULT_DETAIL
--------------------------------------------------------

  CREATE UNIQUE INDEX "FZZLKPIV2"."PK_KPI_RESULT_DETAIL" ON "FZZLKPIV2"."KPI_RESULT_DETAIL" ("ID") 
  PCTFREE 10 INITRANS 2 MAXTRANS 255 
  STORAGE(INITIAL 65536 NEXT 1048576 MINEXTENTS 1 MAXEXTENTS 2147483645
  PCTINCREASE 0 FREELISTS 1 FREELIST GROUPS 1 BUFFER_POOL DEFAULT FLASH_CACHE DEFAULT CELL_FLASH_CACHE DEFAULT)
  TABLESPACE "FZZL_KPI" ;
--------------------------------------------------------
--  Constraints for Table KPI_PERMISSION_MENU
--------------------------------------------------------

  ALTER TABLE "FZZLKPIV2"."KPI_PERMISSION_MENU" ADD CONSTRAINT "PK_KPI_ADMIN_MENU" PRIMARY KEY ("ID")
  USING INDEX PCTFREE 10 INITRANS 2 MAXTRANS 255 COMPUTE STATISTICS 
  STORAGE(INITIAL 65536 NEXT 1048576 MINEXTENTS 1 MAXEXTENTS 2147483645
  PCTINCREASE 0 FREELISTS 1 FREELIST GROUPS 1 BUFFER_POOL DEFAULT FLASH_CACHE DEFAULT CELL_FLASH_CACHE DEFAULT)
  TABLESPACE "FZZL_DATA"  ENABLE;
 
  ALTER TABLE "FZZLKPIV2"."KPI_PERMISSION_MENU" MODIFY ("ID" NOT NULL ENABLE);
--------------------------------------------------------
--  Constraints for Table KPI_RESULT_DETAIL
--------------------------------------------------------

  ALTER TABLE "FZZLKPIV2"."KPI_RESULT_DETAIL" ADD CONSTRAINT "PK_KPI_RESULT_DETAIL" PRIMARY KEY ("ID")
  USING INDEX PCTFREE 10 INITRANS 2 MAXTRANS 255 
  STORAGE(INITIAL 65536 NEXT 1048576 MINEXTENTS 1 MAXEXTENTS 2147483645
  PCTINCREASE 0 FREELISTS 1 FREELIST GROUPS 1 BUFFER_POOL DEFAULT FLASH_CACHE DEFAULT CELL_FLASH_CACHE DEFAULT)
  TABLESPACE "FZZL_KPI"  ENABLE;
 
  ALTER TABLE "FZZLKPIV2"."KPI_RESULT_DETAIL" MODIFY ("ID" NOT NULL ENABLE);
 
  ALTER TABLE "FZZLKPIV2"."KPI_RESULT_DETAIL" MODIFY ("KPI_RESULT_ID" NOT NULL ENABLE);
 
  ALTER TABLE "FZZLKPIV2"."KPI_RESULT_DETAIL" MODIFY ("INDICATOR_TEMPLATE_ID" NOT NULL ENABLE);
 
  ALTER TABLE "FZZLKPIV2"."KPI_RESULT_DETAIL" MODIFY ("INDICATOR_TEMPLATE_NAME" NOT NULL ENABLE);
 
  ALTER TABLE "FZZLKPIV2"."KPI_RESULT_DETAIL" MODIFY ("DEP_ID" NOT NULL ENABLE);
 
  ALTER TABLE "FZZLKPIV2"."KPI_RESULT_DETAIL" MODIFY ("POSITION_ID" NOT NULL ENABLE);
 
  ALTER TABLE "FZZLKPIV2"."KPI_RESULT_DETAIL" MODIFY ("KPI_LEVEL_ID" NOT NULL ENABLE);
 
  ALTER TABLE "FZZLKPIV2"."KPI_RESULT_DETAIL" MODIFY ("INDICATOR_CATEGORY_ID" NOT NULL ENABLE);
 
  ALTER TABLE "FZZLKPIV2"."KPI_RESULT_DETAIL" MODIFY ("INDICATOR_CATEGORY_NAME" NOT NULL ENABLE);
 
  ALTER TABLE "FZZLKPIV2"."KPI_RESULT_DETAIL" MODIFY ("INDICATOR_CATEGORY_WEIGHT" NOT NULL ENABLE);
 
  ALTER TABLE "FZZLKPIV2"."KPI_RESULT_DETAIL" MODIFY ("INDICATOR_CATEGORY_S_TYPE_ID" NOT NULL ENABLE);
 
  ALTER TABLE "FZZLKPIV2"."KPI_RESULT_DETAIL" MODIFY ("INDICATOR_CATEGORY_IS_UPPER_L" NOT NULL ENABLE);
 
  ALTER TABLE "FZZLKPIV2"."KPI_RESULT_DETAIL" MODIFY ("INDICATOR_ID" NOT NULL ENABLE);
 
  ALTER TABLE "FZZLKPIV2"."KPI_RESULT_DETAIL" MODIFY ("INDICATOR_NAME" NOT NULL ENABLE);
 
  ALTER TABLE "FZZLKPIV2"."KPI_RESULT_DETAIL" MODIFY ("INDICATOR_UNIT" NOT NULL ENABLE);
 
  ALTER TABLE "FZZLKPIV2"."KPI_RESULT_DETAIL" MODIFY ("INDICATOR_UNIT_SCORE" NOT NULL ENABLE);
 
  ALTER TABLE "FZZLKPIV2"."KPI_RESULT_DETAIL" MODIFY ("EXECUTOR_USER_ID" NOT NULL ENABLE);
 
  ALTER TABLE "FZZLKPIV2"."KPI_RESULT_DETAIL" MODIFY ("MONTH" NOT NULL ENABLE);
 
  ALTER TABLE "FZZLKPIV2"."KPI_RESULT_DETAIL" MODIFY ("COMPLETE_AMOUNT" NOT NULL ENABLE);
 
  ALTER TABLE "FZZLKPIV2"."KPI_RESULT_DETAIL" MODIFY ("COMPLETE_SCORE" NOT NULL ENABLE);
 
  ALTER TABLE "FZZLKPIV2"."KPI_RESULT_DETAIL" MODIFY ("DATA_GATHER_TYPE_ID" NOT NULL ENABLE);
 
  ALTER TABLE "FZZLKPIV2"."KPI_RESULT_DETAIL" MODIFY ("CREATE_USER_ID" NOT NULL ENABLE);
 
  ALTER TABLE "FZZLKPIV2"."KPI_RESULT_DETAIL" MODIFY ("CREATE_TIME" NOT NULL ENABLE);
 
  ALTER TABLE "FZZLKPIV2"."KPI_RESULT_DETAIL" MODIFY ("UPDATE_USER_ID" NOT NULL ENABLE);
 
  ALTER TABLE "FZZLKPIV2"."KPI_RESULT_DETAIL" MODIFY ("UPDATE_TIME" NOT NULL ENABLE);
--------------------------------------------------------
--  Constraints for Table KPI_INDICATOR_CATEGORY
--------------------------------------------------------

  ALTER TABLE "FZZLKPIV2"."KPI_INDICATOR_CATEGORY" ADD CONSTRAINT "PK_KPI_INDICATOR_CATEGORY" PRIMARY KEY ("ID")
  USING INDEX PCTFREE 10 INITRANS 2 MAXTRANS 255 
  STORAGE(INITIAL 65536 NEXT 1048576 MINEXTENTS 1 MAXEXTENTS 2147483645
  PCTINCREASE 0 FREELISTS 1 FREELIST GROUPS 1 BUFFER_POOL DEFAULT FLASH_CACHE DEFAULT CELL_FLASH_CACHE DEFAULT)
  TABLESPACE "FZZL_KPI"  ENABLE;
 
  ALTER TABLE "FZZLKPIV2"."KPI_INDICATOR_CATEGORY" MODIFY ("ID" NOT NULL ENABLE);
--------------------------------------------------------
--  Constraints for Table KPI_INDICATOR_TEMPLATE
--------------------------------------------------------

  ALTER TABLE "FZZLKPIV2"."KPI_INDICATOR_TEMPLATE" ADD CONSTRAINT "PK_KPI_INDICATOR_TEMPLATE" PRIMARY KEY ("ID")
  USING INDEX PCTFREE 10 INITRANS 2 MAXTRANS 255 
  STORAGE(INITIAL 65536 NEXT 1048576 MINEXTENTS 1 MAXEXTENTS 2147483645
  PCTINCREASE 0 FREELISTS 1 FREELIST GROUPS 1 BUFFER_POOL DEFAULT FLASH_CACHE DEFAULT CELL_FLASH_CACHE DEFAULT)
  TABLESPACE "FZZL_KPI"  ENABLE;
 
  ALTER TABLE "FZZLKPIV2"."KPI_INDICATOR_TEMPLATE" MODIFY ("ID" NOT NULL ENABLE);
 
  ALTER TABLE "FZZLKPIV2"."KPI_INDICATOR_TEMPLATE" ADD CONSTRAINT "UK_KPI_INDICATOR_TEMPLATE" UNIQUE ("DEP_ID", "POSITION_ID", "KPI_LEVEL_ID")
  USING INDEX PCTFREE 10 INITRANS 2 MAXTRANS 255 COMPUTE STATISTICS 
  STORAGE(INITIAL 65536 NEXT 1048576 MINEXTENTS 1 MAXEXTENTS 2147483645
  PCTINCREASE 0 FREELISTS 1 FREELIST GROUPS 1 BUFFER_POOL DEFAULT FLASH_CACHE DEFAULT CELL_FLASH_CACHE DEFAULT)
  TABLESPACE "FZZL_KPI"  ENABLE;
--------------------------------------------------------
--  Constraints for Table KPI_RESULT_DETAIL_QUANTITY
--------------------------------------------------------

  ALTER TABLE "FZZLKPIV2"."KPI_RESULT_DETAIL_QUANTITY" ADD CONSTRAINT "PK_KPI_RESULT_DETAIL_QUANTITY" PRIMARY KEY ("ID")
  USING INDEX PCTFREE 10 INITRANS 2 MAXTRANS 255 
  STORAGE(INITIAL 65536 NEXT 1048576 MINEXTENTS 1 MAXEXTENTS 2147483645
  PCTINCREASE 0 FREELISTS 1 FREELIST GROUPS 1 BUFFER_POOL DEFAULT FLASH_CACHE DEFAULT CELL_FLASH_CACHE DEFAULT)
  TABLESPACE "FZZL_KPI"  ENABLE;
 
  ALTER TABLE "FZZLKPIV2"."KPI_RESULT_DETAIL_QUANTITY" MODIFY ("ID" NOT NULL ENABLE);
 
  ALTER TABLE "FZZLKPIV2"."KPI_RESULT_DETAIL_QUANTITY" MODIFY ("KPI_RESULT_DETAIL_ID" NOT NULL ENABLE);
 
  ALTER TABLE "FZZLKPIV2"."KPI_RESULT_DETAIL_QUANTITY" MODIFY ("DATA_GATHER_INSTANCE_ID" NOT NULL ENABLE);
 
  ALTER TABLE "FZZLKPIV2"."KPI_RESULT_DETAIL_QUANTITY" MODIFY ("COMPLETE_AMOUNT" NOT NULL ENABLE);
 
  ALTER TABLE "FZZLKPIV2"."KPI_RESULT_DETAIL_QUANTITY" MODIFY ("COMPLETE_TIME" NOT NULL ENABLE);
 
  ALTER TABLE "FZZLKPIV2"."KPI_RESULT_DETAIL_QUANTITY" MODIFY ("CREATE_USER_ID" NOT NULL ENABLE);
 
  ALTER TABLE "FZZLKPIV2"."KPI_RESULT_DETAIL_QUANTITY" MODIFY ("CREATE_TIME" NOT NULL ENABLE);
 
  ALTER TABLE "FZZLKPIV2"."KPI_RESULT_DETAIL_QUANTITY" MODIFY ("UPDATE_USER_ID" NOT NULL ENABLE);
 
  ALTER TABLE "FZZLKPIV2"."KPI_RESULT_DETAIL_QUANTITY" MODIFY ("UPDATE_TIME" NOT NULL ENABLE);
--------------------------------------------------------
--  Constraints for Table KPI_INDICATOR_TP_CATEGORY
--------------------------------------------------------

  ALTER TABLE "FZZLKPIV2"."KPI_INDICATOR_TP_CATEGORY" ADD CONSTRAINT "PK_KPI_INDICATOR_TP_CATEGORY" PRIMARY KEY ("ID")
  USING INDEX PCTFREE 10 INITRANS 2 MAXTRANS 255 
  STORAGE(INITIAL 65536 NEXT 1048576 MINEXTENTS 1 MAXEXTENTS 2147483645
  PCTINCREASE 0 FREELISTS 1 FREELIST GROUPS 1 BUFFER_POOL DEFAULT FLASH_CACHE DEFAULT CELL_FLASH_CACHE DEFAULT)
  TABLESPACE "FZZL_KPI"  ENABLE;
 
  ALTER TABLE "FZZLKPIV2"."KPI_INDICATOR_TP_CATEGORY" MODIFY ("ID" NOT NULL ENABLE);
--------------------------------------------------------
--  Constraints for Table KPI_INDICATOR_TP_CATEGORY_DT
--------------------------------------------------------

  ALTER TABLE "FZZLKPIV2"."KPI_INDICATOR_TP_CATEGORY_DT" ADD CONSTRAINT "PK_KPI_INDICATOR_TP_CATEGORY_D" PRIMARY KEY ("ID")
  USING INDEX PCTFREE 10 INITRANS 2 MAXTRANS 255 
  STORAGE(INITIAL 65536 NEXT 1048576 MINEXTENTS 1 MAXEXTENTS 2147483645
  PCTINCREASE 0 FREELISTS 1 FREELIST GROUPS 1 BUFFER_POOL DEFAULT FLASH_CACHE DEFAULT CELL_FLASH_CACHE DEFAULT)
  TABLESPACE "FZZL_KPI"  ENABLE;
 
  ALTER TABLE "FZZLKPIV2"."KPI_INDICATOR_TP_CATEGORY_DT" MODIFY ("ID" NOT NULL ENABLE);
--------------------------------------------------------
--  Constraints for Table KPI_INDICATOR
--------------------------------------------------------

  ALTER TABLE "FZZLKPIV2"."KPI_INDICATOR" ADD CONSTRAINT "PK_KPI_INDICATOR" PRIMARY KEY ("ID")
  USING INDEX PCTFREE 10 INITRANS 2 MAXTRANS 255 
  STORAGE(INITIAL 65536 NEXT 1048576 MINEXTENTS 1 MAXEXTENTS 2147483645
  PCTINCREASE 0 FREELISTS 1 FREELIST GROUPS 1 BUFFER_POOL DEFAULT FLASH_CACHE DEFAULT CELL_FLASH_CACHE DEFAULT)
  TABLESPACE "FZZL_KPI"  ENABLE;
 
  ALTER TABLE "FZZLKPIV2"."KPI_INDICATOR" MODIFY ("ID" NOT NULL ENABLE);
 
  ALTER TABLE "FZZLKPIV2"."KPI_INDICATOR" ADD CONSTRAINT "UK_KPI_INDICATOR" UNIQUE ("NAME", "DEP_ID", "POSITION_ID")
  USING INDEX PCTFREE 10 INITRANS 2 MAXTRANS 255 COMPUTE STATISTICS 
  STORAGE(INITIAL 65536 NEXT 1048576 MINEXTENTS 1 MAXEXTENTS 2147483645
  PCTINCREASE 0 FREELISTS 1 FREELIST GROUPS 1 BUFFER_POOL DEFAULT FLASH_CACHE DEFAULT CELL_FLASH_CACHE DEFAULT)
  TABLESPACE "FZZL_KPI"  ENABLE;
--------------------------------------------------------
--  Constraints for Table KPI_RESULT
--------------------------------------------------------

  ALTER TABLE "FZZLKPIV2"."KPI_RESULT" ADD CONSTRAINT "PK_KPI_RESULT" PRIMARY KEY ("ID")
  USING INDEX PCTFREE 10 INITRANS 2 MAXTRANS 255 
  STORAGE(INITIAL 65536 NEXT 1048576 MINEXTENTS 1 MAXEXTENTS 2147483645
  PCTINCREASE 0 FREELISTS 1 FREELIST GROUPS 1 BUFFER_POOL DEFAULT FLASH_CACHE DEFAULT CELL_FLASH_CACHE DEFAULT)
  TABLESPACE "FZZL_KPI"  ENABLE;
 
  ALTER TABLE "FZZLKPIV2"."KPI_RESULT" MODIFY ("ID" NOT NULL ENABLE);
 
  ALTER TABLE "FZZLKPIV2"."KPI_RESULT" MODIFY ("EXECUTOR_USER_NAME" NOT NULL ENABLE);
 
  ALTER TABLE "FZZLKPIV2"."KPI_RESULT" MODIFY ("INDICATOR_TEMPLATE_ID" NOT NULL ENABLE);
 
  ALTER TABLE "FZZLKPIV2"."KPI_RESULT" MODIFY ("INDICATOR_TEMPLATE_NAME" NOT NULL ENABLE);
 
  ALTER TABLE "FZZLKPIV2"."KPI_RESULT" MODIFY ("DEP_ID" NOT NULL ENABLE);
 
  ALTER TABLE "FZZLKPIV2"."KPI_RESULT" MODIFY ("POSITION_ID" NOT NULL ENABLE);
 
  ALTER TABLE "FZZLKPIV2"."KPI_RESULT" MODIFY ("KPI_LEVEL_ID" NOT NULL ENABLE);
 
  ALTER TABLE "FZZLKPIV2"."KPI_RESULT" MODIFY ("EXECUTOR_USER_ID" NOT NULL ENABLE);
 
  ALTER TABLE "FZZLKPIV2"."KPI_RESULT" MODIFY ("MONTH" NOT NULL ENABLE);
 
  ALTER TABLE "FZZLKPIV2"."KPI_RESULT" MODIFY ("PERSON_TOTAL_SCORE" NOT NULL ENABLE);
 
  ALTER TABLE "FZZLKPIV2"."KPI_RESULT" MODIFY ("PERSON_TEMPLATE_TOTAL_SCORE" NOT NULL ENABLE);
 
  ALTER TABLE "FZZLKPIV2"."KPI_RESULT" MODIFY ("CREATE_USER_ID" NOT NULL ENABLE);
 
  ALTER TABLE "FZZLKPIV2"."KPI_RESULT" MODIFY ("CREATE_TIME" NOT NULL ENABLE);
 
  ALTER TABLE "FZZLKPIV2"."KPI_RESULT" MODIFY ("UPDATE_USER_ID" NOT NULL ENABLE);
 
  ALTER TABLE "FZZLKPIV2"."KPI_RESULT" MODIFY ("UPDATE_TIME" NOT NULL ENABLE);
--------------------------------------------------------
--  Constraints for Table KPI_PERMISSION_USER_ROLE
--------------------------------------------------------

  ALTER TABLE "FZZLKPIV2"."KPI_PERMISSION_USER_ROLE" ADD CONSTRAINT "PK_KPI_ADMIN_USER_ROLE" PRIMARY KEY ("ID")
  USING INDEX PCTFREE 10 INITRANS 2 MAXTRANS 255 COMPUTE STATISTICS 
  STORAGE(INITIAL 65536 NEXT 1048576 MINEXTENTS 1 MAXEXTENTS 2147483645
  PCTINCREASE 0 FREELISTS 1 FREELIST GROUPS 1 BUFFER_POOL DEFAULT FLASH_CACHE DEFAULT CELL_FLASH_CACHE DEFAULT)
  TABLESPACE "FZZL_DATA"  ENABLE;
 
  ALTER TABLE "FZZLKPIV2"."KPI_PERMISSION_USER_ROLE" MODIFY ("ID" NOT NULL ENABLE);
 
  ALTER TABLE "FZZLKPIV2"."KPI_PERMISSION_USER_ROLE" ADD CONSTRAINT "UK_KPI_ADMIN_USER_ROLE" UNIQUE ("USER_ID", "KPI_ROLE_ID")
  USING INDEX PCTFREE 10 INITRANS 2 MAXTRANS 255 COMPUTE STATISTICS 
  STORAGE(INITIAL 65536 NEXT 1048576 MINEXTENTS 1 MAXEXTENTS 2147483645
  PCTINCREASE 0 FREELISTS 1 FREELIST GROUPS 1 BUFFER_POOL DEFAULT FLASH_CACHE DEFAULT CELL_FLASH_CACHE DEFAULT)
  TABLESPACE "FZZL_DATA"  ENABLE;
--------------------------------------------------------
--  Constraints for Table KPI_PERMISSION_ROLE_MENU
--------------------------------------------------------

  ALTER TABLE "FZZLKPIV2"."KPI_PERMISSION_ROLE_MENU" ADD CONSTRAINT "PK_KPI_ADMIN_ROLE_MENU" PRIMARY KEY ("ID")
  USING INDEX PCTFREE 10 INITRANS 2 MAXTRANS 255 COMPUTE STATISTICS 
  STORAGE(INITIAL 65536 NEXT 1048576 MINEXTENTS 1 MAXEXTENTS 2147483645
  PCTINCREASE 0 FREELISTS 1 FREELIST GROUPS 1 BUFFER_POOL DEFAULT FLASH_CACHE DEFAULT CELL_FLASH_CACHE DEFAULT)
  TABLESPACE "FZZL_DATA"  ENABLE;
 
  ALTER TABLE "FZZLKPIV2"."KPI_PERMISSION_ROLE_MENU" MODIFY ("ID" NOT NULL ENABLE);
 
  ALTER TABLE "FZZLKPIV2"."KPI_PERMISSION_ROLE_MENU" ADD CONSTRAINT "UK_KPI_ADMIN_ROLE_MENU" UNIQUE ("ROLE_ID", "MENU_ID")
  USING INDEX PCTFREE 10 INITRANS 2 MAXTRANS 255 COMPUTE STATISTICS 
  STORAGE(INITIAL 65536 NEXT 1048576 MINEXTENTS 1 MAXEXTENTS 2147483645
  PCTINCREASE 0 FREELISTS 1 FREELIST GROUPS 1 BUFFER_POOL DEFAULT FLASH_CACHE DEFAULT CELL_FLASH_CACHE DEFAULT)
  TABLESPACE "FZZL_DATA"  ENABLE;
--------------------------------------------------------
--  Constraints for Table KPI_INDICATOR_DATA_GATHER_TYPE
--------------------------------------------------------

  ALTER TABLE "FZZLKPIV2"."KPI_INDICATOR_DATA_GATHER_TYPE" ADD CONSTRAINT "PK_KPI_DATA_SOURCE_TYPE" PRIMARY KEY ("ID")
  USING INDEX PCTFREE 10 INITRANS 2 MAXTRANS 255 COMPUTE STATISTICS 
  STORAGE(INITIAL 65536 NEXT 1048576 MINEXTENTS 1 MAXEXTENTS 2147483645
  PCTINCREASE 0 FREELISTS 1 FREELIST GROUPS 1 BUFFER_POOL DEFAULT FLASH_CACHE DEFAULT CELL_FLASH_CACHE DEFAULT)
  TABLESPACE "USERS"  ENABLE;
 
  ALTER TABLE "FZZLKPIV2"."KPI_INDICATOR_DATA_GATHER_TYPE" MODIFY ("ID" NOT NULL ENABLE);
--------------------------------------------------------
--  Constraints for Table KPI_PERMISSION_ROLE
--------------------------------------------------------

  ALTER TABLE "FZZLKPIV2"."KPI_PERMISSION_ROLE" ADD CONSTRAINT "PK_KPI_ADMIN_ROLE" PRIMARY KEY ("ID")
  USING INDEX PCTFREE 10 INITRANS 2 MAXTRANS 255 COMPUTE STATISTICS 
  STORAGE(INITIAL 65536 NEXT 1048576 MINEXTENTS 1 MAXEXTENTS 2147483645
  PCTINCREASE 0 FREELISTS 1 FREELIST GROUPS 1 BUFFER_POOL DEFAULT FLASH_CACHE DEFAULT CELL_FLASH_CACHE DEFAULT)
  TABLESPACE "FZZL_DATA"  ENABLE;
 
  ALTER TABLE "FZZLKPIV2"."KPI_PERMISSION_ROLE" MODIFY ("ID" NOT NULL ENABLE);
--------------------------------------------------------
--  Constraints for Table KPI_DIC
--------------------------------------------------------

  ALTER TABLE "FZZLKPIV2"."KPI_DIC" ADD CONSTRAINT "PK_KPI_DIC" PRIMARY KEY ("ID")
  USING INDEX PCTFREE 10 INITRANS 2 MAXTRANS 255 COMPUTE STATISTICS 
  STORAGE(INITIAL 65536 NEXT 1048576 MINEXTENTS 1 MAXEXTENTS 2147483645
  PCTINCREASE 0 FREELISTS 1 FREELIST GROUPS 1 BUFFER_POOL DEFAULT FLASH_CACHE DEFAULT CELL_FLASH_CACHE DEFAULT)
  TABLESPACE "USERS"  ENABLE;
 
  ALTER TABLE "FZZLKPIV2"."KPI_DIC" MODIFY ("ID" NOT NULL ENABLE);
 
  ALTER TABLE "FZZLKPIV2"."KPI_DIC" ADD CONSTRAINT "UK_KPI_DIC_KEY" UNIQUE ("KEY")
  USING INDEX PCTFREE 10 INITRANS 2 MAXTRANS 255 COMPUTE STATISTICS 
  STORAGE(INITIAL 65536 NEXT 1048576 MINEXTENTS 1 MAXEXTENTS 2147483645
  PCTINCREASE 0 FREELISTS 1 FREELIST GROUPS 1 BUFFER_POOL DEFAULT FLASH_CACHE DEFAULT CELL_FLASH_CACHE DEFAULT)
  TABLESPACE "USERS"  ENABLE;
 
  ALTER TABLE "FZZLKPIV2"."KPI_DIC" ADD CONSTRAINT "UK_KPI_DIC_UKEY" UNIQUE ("UNIQUE_KEY")
  USING INDEX PCTFREE 10 INITRANS 2 MAXTRANS 255 COMPUTE STATISTICS 
  STORAGE(INITIAL 65536 NEXT 1048576 MINEXTENTS 1 MAXEXTENTS 2147483645
  PCTINCREASE 0 FREELISTS 1 FREELIST GROUPS 1 BUFFER_POOL DEFAULT FLASH_CACHE DEFAULT CELL_FLASH_CACHE DEFAULT)
  TABLESPACE "USERS"  ENABLE;
--------------------------------------------------------
--  Ref Constraints for Table KPI_INDICATOR
--------------------------------------------------------

  ALTER TABLE "FZZLKPIV2"."KPI_INDICATOR" ADD CONSTRAINT "FK_KPI_INDICATOR" FOREIGN KEY ("INDICATOR_CATEGORY_ID")
	  REFERENCES "FZZLKPIV2"."KPI_INDICATOR_CATEGORY" ("ID") ENABLE;
--------------------------------------------------------
--  Ref Constraints for Table KPI_INDICATOR_TP_CATEGORY
--------------------------------------------------------

  ALTER TABLE "FZZLKPIV2"."KPI_INDICATOR_TP_CATEGORY" ADD CONSTRAINT "FK_KPI_INDICATOR_TP_CATEGORY" FOREIGN KEY ("INDICATOR_TEMPLATE_ID")
	  REFERENCES "FZZLKPIV2"."KPI_INDICATOR_TEMPLATE" ("ID") ENABLE;
--------------------------------------------------------
--  Ref Constraints for Table KPI_INDICATOR_TP_CATEGORY_DT
--------------------------------------------------------

  ALTER TABLE "FZZLKPIV2"."KPI_INDICATOR_TP_CATEGORY_DT" ADD CONSTRAINT "FK_KPI_INDICATOR_TP_CG_DT" FOREIGN KEY ("INDICATOR_TP_CATEGORY_ID")
	  REFERENCES "FZZLKPIV2"."KPI_INDICATOR_TP_CATEGORY" ("ID") ENABLE;
--------------------------------------------------------
--  Ref Constraints for Table KPI_RESULT_DETAIL
--------------------------------------------------------

  ALTER TABLE "FZZLKPIV2"."KPI_RESULT_DETAIL" ADD CONSTRAINT "FK_KPI_RESU_REFERENCE_KPI_RESU" FOREIGN KEY ("KPI_RESULT_ID")
	  REFERENCES "FZZLKPIV2"."KPI_RESULT" ("ID") ENABLE;
--------------------------------------------------------
--  Ref Constraints for Table KPI_RESULT_DETAIL_QUANTITY
--------------------------------------------------------

  ALTER TABLE "FZZLKPIV2"."KPI_RESULT_DETAIL_QUANTITY" ADD CONSTRAINT "FK_KPI_RESULT_DETAIL_QUANTITY" FOREIGN KEY ("KPI_RESULT_DETAIL_ID")
	  REFERENCES "FZZLKPIV2"."KPI_RESULT_DETAIL" ("ID") ENABLE;
